PDBID,Protein,Nucleic Acid,Label
1HVO,VKCFNCGKEGHIARNCRA,ACGCC,-6.760069352
1WET,ATIKDVAKRANVSTTTVSHVINKTRFVAEETRNAVWAAIKELHYSPSAVARSLKVNHTKSIGLLATSSEAAYFAEIIEAVEKNCFQKGYTLILGNAWNNLEKQRAYLSMMAQKRVDGLLVMCSEYPEPLLAMLEEYRHIPMVVMDWGEAKADFTDAVIDNAFEGGYMAGRYLIERGHREIGVIPGPLERNTGAGRLAGFMKAMEEAMIKVPESWIVQGDFEPESGYRAMQQILSQPHRPTAVFCGGDIMAMGALCAADEMGLRVPQDVSLIGYDNVRNARYFTPALTTIHQPKDSLGETAFNMLLDRIVNKREEPQSIEVHPRLIERRSVADGPFRDYRR,AACGAAAACGTTTTCGT,-7.939734787
2PUF,ATIKDVAKRANVSTTTVSHVINKTRFVAEETRNAVWAAIKELHYSPSAVARSLKVNHTKSIGLLATSSEAAYFAEIIEAVEKNCFQKGYTLILGNAWNNLEKQRAYLSMMAQKRVDGLLVMCSEYPEPLLAMLEEYRHIPMVVMDWGEAKADFTDAVIDNAFEGGYMAGRYLIERGHREIGVIPGPLEQNTGAGRLAGFMKAMEEAMIKVPESWIVQGDFEPESGYRAMQQILSQPHRPTAVFCGGDIMAMGALCAADEMGLRVPQDVSLIGYDNVRNARYFTPALTTIHQPKDSLGETAFNMLLDRIVNKREEPQSIEVHPRLIERRSVADGPFRDYRR,TACGCAAACGTTTGCGT,-7.769405807
1QPZ,ATIKDVAKRANVSTTTVSHVINKTRFVAEETRNAVWAAIKELHYSPSAVARSLKVNHTKSIGLLATSSEAAYFAEIIEAVEKNCFQKGYTLILGNAWNNLEKQRAYLSMMAQKRVDGLLVMCSEYPEPLLAMLEEYRHIPMVVMDWGEAKADFTDAVIDNAFEGGYMAGRYLIERGHREIGVIPGPLERNTGAGRLAGFMKAMEEAMIKVPESWIVQGDFEPESGYRAMQQILSQPHRPTAVFCGGDIMAMGALCAADEMGLRVPQDVSLIGYDNVRNARYFTPALTTIHQPKDSLGETAFNMLLDRIVNKREEPQSIEVHPRLIERRSVADGPFRDYRR,TACGCAAACGTTTGCGT,-11.70396683
1QP0,ATIKDVAKRANVSTTTVSHVINKTRFVAEETRNAVWAAIKELHYSPSAVARSLKVNHTKSIGLLATSSEAAYFAEIIEAVEKNCFQKGYTLILGNAWNNLEKQRAYLSMMAQKRVDGLLVMCSEYPEPLLAMLEEYRHIPMVVMDWGEAKADFTDAVIDNAFEGGYMAGRYLIERGHREIGVIPGPLERNTGAGRLAGFMKAMEEAMIKVPESWIVQGDFEPESGYRAMQQILSQPHRPTAVFCGGDIMAMGALCAADEMGLRVPQDVSLIGYDNVRNARYFTPALTTIHQPKDSLGETAFNMLLDRIVNKREEPQSIEVHPRLIERRSVADGPFRDYRR,TACGCAACCGGTTGCGT,-10.16467204
1QP7,ATIKDVAKRANVSTTTVSHVINKTRFVAEETRNAVWAAIKELHYSPSAVARSLAVNHTKSIGLLATSSEAAYFAEIIEAVEKNCFQKGYTLILGNAWNNLEKQRAYLSMMAQKRVDGLLVMCSEYPEPLLAMLEEYRHIPMVVMDWGEAKADFTDAVIDNAFEGGYMAGRYLIERGHREIGVIPGPLERNTGAGRLAGFMKAMEEAMIKVPESWIVQGDFEPESGYRAMQQILSQPHRPTAVFCGGDIMAMGALCAADEMGLRVPQDVSLIGYDNVRNARYFTPALTTIHQPKDSLGETAFNMLLDRIVNKREEPQSIEVHPRLIERRSVADGPFRDYRR,TACGCAACCGGTTGCGT,-8.326907428
1FJX,MIEIKDKQLTGLRFIDLFAGLGGFRLALESCGAECVYSNEWDKYAQEVYEMNFGEKPEGDITQVNEKTIPDHDILCAGFPCQAFSISGKQKGFEDSRGTLFFDIARIVREKKPKVVFMENVKNFASHDNGNTLEVVKNTMNELDYSFHAKVLNALDYGIPQKRERIYMICFRNDLNIQNFQFPKPFELNTFVKDLLLPDSEVEHLVIDRKDLVMTNQEIEQTTPKTVRLGIVGKGGQGERIYSTRGIAIGLSAYGGGIFAKTGGYLVNGKTRKLHPRECARVMGYPDSYKVHPSTSQAYKQFGNSVVINVLQYIAYNIGSSLNFKPY,TGATAGCGCTATC,-12.07048365
1J75,GSHMLSTGDNLEQKILQVLSDDGGPVKIGQLVKKCQVPKKTLNQVLYRLKKEDRVSSPEPATWSIGG,TCGCGCG,-10.16467204
1JFS,ATIKDVAKRANVSTTTVSHVINKTRFVAEETRNAVWAAIKELHYSPSAVARSLKVNHTKSIGLLATSSEAAYFAEIIEAVEKNCFQKGYTLILGNAWNNLEKQRAYLSMMAQKRVDGLLVMCSEYPEPLLAMLEEYRHIPMVVMDFGEAKADFTDAVIDNAFEGGYMAGRYLIERGHREIGVIPGPLERNTGAGRLAGFMKAMEEAMIKVPESWIVQGDFEPESGYRAMQQILSQPHRPTAVFCGGDIMAMGALCAADEMGLRVPQDVSLIGYDNVRNARYFTPALTTIHQPKDSLGETAFNMLLDRIVNKREEPQSIEVHPRLIERRSVADGPFRDYRR,TACGCAAACGTTTGCGT,-11.80287516
1J5K,GSHMSYGDLGGPIITTQVTIPKDLAGSIIGKGGQRIKQIRHESGASIKIDEPLEGSEDRIITITGTQDQIQNAQYLLQNSVKQYSGKFF,ATATTCCCTC,-7.529340593
1PO6,KEPEQLRKLFIGGLSFETTDESLRSHFEQWGTLTDCVVMRDPNTKRSRGFGFVTYATVEEVDAAMNARPHKVDGRVVEPKRAVSREDSQRPGAHLTVKKIFVGGIKEDTEEHHLRDYFEQYGKIEVIEIMTDRGSGKKRGFAFVTFDDHDSVDKIVIQKYHTVNGHNCEVRKALSKQEMASAS,TAGGNTTAGGG,-9.276030004
1P51,MNKGELVDAVAEKASVTKKQADAVLTAALETIIEAVSSGDKVTLVGFGSFESRERKAREGRNPKTNEKMEIPATRVPAFSAGKLFREKVAPPKA,GCATATCAATTTGTTGCAT,-11.52797204
1QZG,GPGGEDVIDSLQLNELLNAGEYKIGELTFQSIRSSQELQKKNTIVNLFGIVKDFTPSRQSLHGTKDWVTTVYLWDPTCDTSSIGLQIHLFSKQGNDLPVIKQVGQPLLLHQITLRSYRDRTQGLSKDQFRYALWPDFSSNSKDTLCPQPMPRLMKTGDKEEQFALLLNKIWDEQTNKHKNGELLSTS,GGTTA,-8.614363821
1OSB,MLSHMVLTRQDIGRAASYYEDGADDYYAKDGDASEWQGKGAEELGLSGEVDSKRFRELLAGNIGEGHRIMRSATRQDSKERIGLDLTFSAPKSVSLQALVAGDAEIIKAHDRAVARTLEQAEARAQARQKIQGKTRIETTGNLVIGKFRHETSRERDPQLHTHAVILNMTKRSDGQWRALKNDEIVKATRYLGAVYNAELAHELQKLGYQLRYGKDGNFDLAHIDRQQIEGFSKRTEQIAEWYAARGLDPNSVSLEQKQAAKVLSRAKKTSVDREALRAEWQATAKELGIDFS,GCGCACCGAAAGGTGCGTATTGTCT,-9.754277842
1HVN,VKCFNCGKEGHIARNCRA,ACGCC,-7.226894193
1BDH,ATIKDVAKRANVSTTTVSHVINKTRFVAEETRNAVWAAIKELHYSPSAVARSLAVNHTKSIGLLATSSEAAYFAEIIEAVEKNCFQKGYTLILGNAWNNLEKQRAYLSMMAQKRVDGLLVMCSEYPEPLLAMLEEYRHIPMVVMDWGEAKADFTDAVIDNAFEGGYMAGRYLIERGHREIGVIPGPLERNTGAGRLAGFMKAMEEAMIKVPESWIVQGDFEPESGYRAMQQILSQPHRPTAVFCGGDIMAMGALCAADEMGLRVPQDVSLIGYDNVRNARYFTPALTTIHQPKDSLGETAFNMLLDRIVNKREEPQSIEVHPRLIERRSVADGPFRDYRR,TACGCAAACGTTTGCGT,-8.242181187
1QP4,ATIKDVAKRANVSTTTVSHVINKTRFVAEETRNAVWAAIKELHYSPSAVARSLKVNHTKSIGLLATSSEAAYFAEIIEAVEKNCFQKGYTLILGNAWNNLEKQRAYLSMMAQKRVDGLLVMCSEYPEPLLAMLEEYRHIPMVVMDWGEAKADFTDAVIDNAFEGGYMAGRYLIERGHREIGVIPGPLERNTGAGRLAGFMKAMEEAMIKVPESWIVQGDFEPESGYRAMQQILSQPHRPTAVFCGGDIMAMGALCAADEMGLRVPQDVSLIGYDNVRNARYFTPALTTIHQPKDSLGETAFNMLLDRIVNKREEPQSIEVHPRLIERRSVADGPFRDYRR,TACGCAATCGATTGCGT,-10.9064
1QQB,ATIKDVAKRANVSTTTVSHVINKTRFVAEETRNAVWAAIKELHYSPSAVARSLAVNHTKSIGLLATSSEAAYFAEIIEAVEKNCFQKGYTLILGNAWNNLEKQRAYLSMMAQKRVDGLLVMCSEYPEPLLAMLEEYRHIPMVVMDWGEAKADFTDAVIDNAFEGGYMAGRYLIERGHREIGVIPGPLERNTGAGRLAGFMKAMEEAMIKVPESWIVQGDFEPESGYRAMQQILSQPHRPTAVFCGGDIMAMGALCAADEMGLRVPQDVSLIGYDNVRNARYFTPALTTIHQPKDSLGETAFNMLLDRIVNKREEPQSIEVHPRLIERRSVADGPFRDYRR,TACGCAATCGATTGCGT,-7.769405807
1TW8,SFIKPIYQDINSILIGQKVKRPKSGTLSGHAAGEPFEKLVYKFLKENLSDLTFKQYEYLNDLFMKNPAIIGHEARYKLFNSPTLLFLLSRGKAATENWSIENLFEEKQNDTADILLVKDQFYELLDVKTRNISKSAQAPNIISAYKLAQTCAKMIDNKEFDLFDINYLEVDWELNGEDLVCVSTSFAELFKSEPSELYINWAAAMQIQFHVRDLDQGFNGTREEWAKSYLKHFVTQAEQRAISMIDKFVKPFKKYIL,GCCGGTCGACCGG,-12.19212162
1QQA,ATIKDVAKRANVSTTTVSHVINKTRFVAEETRNAVWAAIKELHYSPSAVARSLAVNHTKSIGLLATSSEAAYFAEIIEAVEKNCFQKGYTLILGNAWNNLEKQRAYLSMMAQKRVDGLLVMCSEYPEPLLAMLEEYRHIPMVVMDWGEAKADFTDAVIDNAFEGGYMAGRYLIERGHREIGVIPGPLERNTGAGRLAGFMKAMEEAMIKVPESWIVQGDFEPESGYRAMQQILSQPHRPTAVFCGGDIMAMGALCAADEMGLRVPQDVSLIGYDNVRNARYFTPALTTIHQPKDSLGETAFNMLLDRIVNKREEPQSIEVHPRLIERRSVADGPFRDYRR,TACGCAAGCGCTTGCGT,-8.722311614
1DH3,KREVRLMKNREAARESRRKKKEYVKSLENRVAVLENQNKTLIEELKALKDLYSHK,CCTTGGCTGACGTCAGCCAAG,-12.07048365
1JJ4,GSHMTPIIHLKGDRNSLKCLRYRLRKHSDHYRDISSTWHWTGAGNEKTGILTVTYHSETQRTKFLNTVAIPDSVQILVGYMTM,CAACCGAATTCGGTTG,-11.99142323
1FYM,ARPAFVNKLWSMVNDKSNEKFIHWSTSGESIVVPNRERFVQEVLPKYFKHSNFASFVRQLNMYGWHKVQDVKSGSMLSNNDSRWEFENERHA,GGTTCTAGAACC,-10.08561161
1JH9,ATIKDVAKRANVSTTTVSHVINKTRFVAEETRNAVWAAIKELHYSPSAVARSLKVNHTKSIGLLATSSEAAYFAEIIEAVEKNCFQKGYTLILGNAWNNLEKQRAYLSMMAQKRVDGLLVMCSEYPEPLLAMLEEYRHIPMVVMDRGEAKADFTDAVIDNAFEGGYMAGRYLIERGHREIGVIPGPLERNTGAGRLAGFMKAMEEAMIKVPESWIVQGDFEPESGYRAMQQILSQPHRPTAVFCGGDIMAMGALCAADEMGLRVPQDVSLIGYDNVRNARYFTPALTTIHQPKDSLGETAFNMLLDRIVNKREEPQSIEVHPRLIERRSVADGPFRDYRR,AACGAAAACGTTTTCGT,-11.85930581
1JT0,MNLKDKILGVAKELFIKNGYNATTTGEIVKLSESSKGNLYYHFKTKENLFLEILNIEESKWQEQWKKEQIKAKTNREKFYLYNELSLTTEYYYPLQNAIIEFYTEYYKTNSINEKMNKLENKYIDAYHVIFKEGNLNGEWSINDVNAVSKIAANAVNGIVTFTHEQNINERIKLMNKFSQIFLNGLSKHHHHHH,CTTATAGACCGATCGATCGGTCTATAAG,-9.965455684
1P78,MNKGELVDAVAEKASVTKKQADAVLTAALETIIEAVSSGDKVTLVGFGSFESRERKAREGRNPKTNEKMEIPATRVPAFSAGKLFREKVAPPKA,TGCATATCAATTTGTTGCACC,-11.52797204
1P71,MNKGELVDAVAEKASVTKKQADAVLTAALETIIEAVSSGDKVTLVGFGSFESRERKAREGRNPKTNEKMEIPATRVPAFSAGKLFREKVAPPKA,TGCTTATCAATTTGTTGCACC,-11.52797204
1OMH,MLSHMVLTRQDIGRAASYYEDGADDYYAKDGDASEWQGKGAEELGLSGEVDSKRFRELLAGNIGEGHRIMRSATRQDSKERIGLDLTFSAPKSVSLQALVAGDAEIIKAHDRAVARTLEQAEARAQARQKIQGKTRIETTGNLVIGKFRHETSRERDPQLHTHAVILNMTKRSDGQWRALKNDEIVKATRYLGAVYNAELAHELQKLGYQLRYGKDGNFDLAHIDRQQIEGFSKRTEQIAEWYAARGLDPNSVSLEQKQAAKVLSRAKKTSVDREALRAEWQATAKELGIDFS,GCGCACCGAAAGGTGCGTATTGTCT,-9.754277842
1S40,MRMSKMARKDPTIEFCQLGLDTFETKYITMFGMLVSCSFDKPAFISFVFSDFTKNDIVQNYLYDRYLIDYENKLELNEGFKAIMYKNQFETFDSKLRKIFNNGLRDLQNGRDENLSQYGIVCKMNIKVKMYNGKLNAIVRECEPVPHSQISSIASPSQCEHLRLFYQRAFKRIGESAISRYFEEYRRFFPIHRNGSHLA,GTGTGGGTGTG,-12.98254059
1U1L,MSKSESPKEPEQLRKLFIGGLSFETTDESLRSHFEQWGTLTDCVVMRDPNTKRSRGFGFVTYATVEEVDAAMNARPHKVDGRVVEPKRAVSREDSQRPGAHLTVKKIFVGGIKEDTEEHHLRDYFEQYGKIEVIEIMTDRGSGKKRGFAFVTFDDHDSVDKIVIQKYHTVNGHNCEVRKALSKQEMASASSSQRGR,TAGGGTTAGGG,-9.503041096
1U1R,MSKSESPKEPEQLRKLFIGGLSFETTDESLRSHFEQWGTLTDCVVMRDPNTKRSRGFGFVTYATVEEVDAAMNARPHKVDGRVVEPKRAVSREDSQRPGAHLTVKKIFVGGIKEDTEEHHLRDYFEQYGKIEVIEIMTDRGSGKKRGFAFVTFDDHDSVDKIVIQKYHTVNGHNCEVRKALSKQEMASASSSQRGR,TAGGGTTAGGG,-9.052536287
1U1N,MSKSESPKEPEQLRKLFIGGLSFETTDESLRSHFEQWGTLTDCVVMRDPNTKRSRGFGFVTYATVEEVDAAMNARPHKVDGRVVEPKRAVSREDSQRPGAHLTVKKIFVGGIKEDTEEHHLRDYFEQYGKIEVIEIMTDRGSGKKRGFAFVTFDDHDSVDKIVIQKYHTVNGHNCEVRKALSKQEMASASSSQRGR,TAGGGTTAAGG,-8.8618766
1U1O,MSKSESPKEPEQLRKLFIGGLSFETTDESLRSHFEQWGTLTDCVVMRDPNTKRSRGFGFVTYATVEEVDAAMNARPHKVDGRVVEPKRAVSREDSQRPGAHLTVKKIFVGGIKEDTEEHHLRDYFEQYGKIEVIEIMTDRGSGKKRGFAFVTFDDHDSVDKIVIQKYHTVNGHNCEVRKALSKQEMASASSSQRGR,TAGGGTTAGIG,-9.855497453
2BJC,MKPVTLYDVAEYAGVSVATVSRVVNQASHVSAKTREKVEAAMAELNYIPNRCAQQLAGKQSL,GAATTGTAAGCGCTTACAATTC,-14.9963
1ZZI,GAMGPIITTQVTIPKDLAGSIIGKGGQRIKQIRHESGASIKIDEPLEGSEDRIITITGTQDQIQNAQYLLQNSVKQYSGKFF,CTCCCC,-7.712975159
2B0D,MSLRSDLINALYDENQKYDVCGIISAEGKIYPLGSDTKVLSTIFELFSRPIINKIAEKHGYIVEEPKQQNHYPDFTLYKPSEPNKKIAIDIKTTYTNKENEKIKFTLGGYTSFIRNNTKNIVYPFDQYIAHWIIGYVYTRVATRKSSLKTYNINELNEIPKPYKGVKVFLQDKWVIAGDLAGSGNTTNIGSIHAHYKDFVEGKGIFDSEDEFLDYWRNYERTSQLRNDKYNNISEYRNWIYRGRK,AAAGAATTCTT,-8.242181187
2GII,SFIKPIYQDINSILIGQKVKRPKSGTLSGHAAGEPFEKLVYKFLKENLSDLTFKQYEYLNDLFMKNPAIIGHEARYKLFNSPTLLFLLSRGKAATENWSIENLFEEKQNDTADILLVKDQFYELLDVKTRNISKSAFAPNIISAYKLAQTCAKMIDNKEFDLFDINYLEVDWELNGEDLVCVSTSFAELFKSEPSELYINWAAAMQIQFHVRDLDQGFNGTREEWAKSYLKHFVTQAEQRAISMIDKFVKPFKKYIL,GCCGGTTAACCGGC,-12.78332424
2GIE,SFIKPIYQDINSILIGQKVKRPKSGTLSGHAAGEPFEKLVYKFLKENLSDLTFKQYEYLNDLFMKNPAIIGHEARYKLFNSPTLLFLLSRGKAATENWSIENLFEEKQNDTADILLVKDQFYELLDVKTRNISKSAQAPNIISAYKLAQTCAKMIDNKEFDLFDINYLEVDWELNGEDLVCVSTSFAELFKSEPSELYINWAAAMQIQFHVRDLDQGFNGTREEWAKSYLKHFVTQAEQRAISMIDKFVKPFKKYIL,GCCGGTTAACCGG,-12.59221862
2GIH,SFIKPIYQDINSILIGQKVKRPKSGTLSGHAAGEPFEKLVYKFLKENLSDLTFKQYEYLNDLFMKNPAIIGHEARYKLFNSPTLLFLLSRGKAATENWSIENLFEEKQNDTADILLVKDQFYELLDVKTRNISKSAFAPNIISAYKLAQTCAKMIDNKEFDLFDINYLEVDWELNGEDLVCVSTSFAELFKSEPSELYINWAAAMQIQFHVRDLDQGFNGTREEWAKSYLKHFVTQAEQRAISMIDKFVKPFKKYIL,GCCGGTCGACCGGC,-12.25219901
2ADY,SSSVPSQKTYQGSYGFRLGFLHSGTAKSVTCTYSPALNKMFCQLAKTCPVQLWVDSTPPPGTRVRAMAIYKQSQHMTEVVRRCPHHERCSDSDGLAPPQHLIRVEGNLRVEYLDDRNTFRHSVVVPYEPPEVGSDCTTIHYNYMCNSSCMGGMNRRPILTIITLEDSSGNLLGRNSFEVRVCACPGRDRRTEEENLRKKG,CGGACATGTCCG,-10.70718365
2AC0,SSSVPSQKTYQGSYGFRLGFLHSGTAKSVTCTYSPALNKMFCQLAKTCPVQLWVDSTPPPGTRVRAMAIYKQSQHMTEVVRRCPHHERCSDSDGLAPPQHLIRVEGNLRVEYLDDRNTFRHSVVVPYEPPEVGSDCTTIHYNYMCNSSCMGGMNRRPILTIITLEDSSGNLLGRNSFEVRVCACPGRDRRTEEENLRKKG,CGGGCATGCCCG,-10.36388839
2AYB,SSATPIVQFQGESNCLKCFRYRLNDKHRHLFDLISSTWHWASPKAPHKHAIVTVTYHSEEQRQQFLNVVKIPPTIRHKLGFMSMHLL,CAACCGAATTCGGTTG,-11.85930581
2ERE,KRKFACVECRQQKSKCDAHERAPEPCTKCAKKNVPCILKRDFRRTYKRARNEAIEKRFKELTRTLTNLTSDE,TTGCCGGTACCGGCA,-10.25594059
2GE5,SLRSDLINALYDENQKYDVCGIISAEGKIYPLGSDTKVLSTIFELFSRPIINKIAEKHGYIVEEPKQQNHYPDFTLYKPSEPNKKIAIDIKTTYTNKENEKIKFTLGGYTSFIRNNTKNIVYPFDQYIAHWIIGYVYTRVATRKSSLKTYNINELNEIPKPYKGVKVFLQDKWVIAGDLAGSGNTTNIGSIHAHYKDFVEGKGIFDSEDEFLDYWRNYE,AAAGATATCTT,-8.751124981
2O6M,MALTNAQILAVIDSWEETVGQFPVITHHVPLGGGLQGTLHCYEIPLAAPYGVGFAKNGPTRWQYKRTINQVVHRWGSHTVPFLLEPDNINGKTCTASQLCHNTRCHNPLHLCWESLDDNKGRNWCPGPNGGCVHAVVCLRQGPLYGPGATVAGPQQRGSHFVV,TTGACTCTCTTAAGAGAGTCA,-10.75106103
3D6Z,MKESYYSIGEVSKLANVSIKALRYYDKIDLFKPAYVDPDTSYRYYTDSQLIHLDLIKSLKYIGTPLEEMKKAQDLEMEELFAFYTEQERQIREKLDFLSALEQTISLVKKRMKRQMEYPALGEVFVLDEEEIRIIQTEAEGIGPENVLNASYSKLKKFIESADGFTNNSYGATFSFQPYTSIDEMTYRHIFTPVLTNKQISSITPDMEITTIPKGRYACIAYNFSPEHYFLNLQKLIKYIADRQLTVVSDVYELIIPIHYSPKKQEEYRVEMKIEILDHHHHHH,TGACCCTCCCCTTAGGGGAGGGTC,-8.203969628
2VYE,MSELFSERIPPQSIEAEQAVLGAVFLDPTALTLASERLIPEDFYRAAHQKIFHAMLRVADKGEPVDLVTVTAELAALEQLEEVGGVSYLSELADSVPTAANVEYYARIVEEKSLLRRLIRTATSIAQDGYTREDEIDVLLDEAERKIMEVSQRKHSGAFKNIKDVLVQTYDNIEMLHNRNGDITGIPTGFTELDRMTSGFQRSDLIIVAARPSVGKTAFALNIAQNVATKTNENVAIFSLEMSAQQLVMRMLCAEGNINAQNLRTGKLTPEDWGKLTMAMGSLSNAGIYIDDTPSIRVSDIRAKCRRLKQESGLGMVVIDYLQLIQGSGRNRENRQQEVSEISRSLKALARELEVPVIALSQLSRSVEQRQDKRPMMSDLRESGSIEQDADIVAFLYRDDYYNKDSENKNIIEIIIAKQRNGPVGTVQLAFIKEYNKFVNLERRFDEAQIPPGA,TTTTTTTTT,-9.991390064
3IGM,GSHMSSGYPGVSWNKRMCAWLAFFYDGASRRSRTFHPKHFNMDKEKARLAAVEFMKTVENNGRKKLEPGGSQFIVTD,TGCATGCA,-8.590194193
3HXQ,EDISEPPLHDFYCSRLLDLVFLLDGSSRLSEAEFEVLKAFVVDMMERLRISQKWVRVAVVEYHDGSHAYIGLKDRKRPSELRRIASQVKYAGSQVASTSEVLKYTLFQIFSKIDRPEASRIALLLMASQEPQRMSRNFVRYVQGLKKKKVIVIPVGIGPHANLKQIRLIEKQAPENKAFVLSSVDELEQQRDEIVSYLCDLAPEAPPPT,GGCGTGCAGTGCCTTCGGCCGTGCGGTGCCTCCGTCACGCCT,-12.5721464
3EQT,ENQRQQFPVEHVQLLCINCMVAVGHGSDLRKVEGTHHVNVNPNFSNYYNVSRDPVVINKVFKDWKPGGVISCRNCGEVWGLQMIYKSVKLPVLKVRSMLLETPQGRIQAKKWSRVPFSVPDFDFLQHCAENLSDLSLDLEHHHHH,GCGCGCGC,-9.514212629
3H15,SPVGQQYHVEKFSGLRIRKPRVSSSEMERKMNGRKLIRLAQLQNKIATEKLEEEDWVTFGVIVKKITPQSSNNGKTFSIWRLNDLKDLDKYISLFLFGDVHKEHWKTDQGTVIGLLNANPMKPKEGTDEVCLSVDNPQKVLLMGDAVDLGTCKARKKNGDPCTQMVNLNDCEYCQYHVQAQYKKVSSKRADLQSSYSG,CCCCCCCCC,-7.455234792
2KAE,GSHMNKKSFQCSNCSVTETIRWRNIRSKEGIQCNACFIYQRKYNKTRPVTAVNKYQKRKLKVQETNGVDSF,CGGAAAAGTATACTTTTCCG,-11.03851742
3MQ6,PFTYSIEATRNLATTERCIQDIRNAPVRNRSTQFQLAQQNMLAYTFGEVIPGFASAGINGMDYRDVIGRPVENAVTEGTHFFRDDFRVDSNAKAKVAGDIFEIVSSAVMWNCAARWNSLMVGEGWRSQPRYSRPTLSPSPRRQVAVLNLPRSFDWVSLLVPESQEVIEEFRAGLRKDGLGLPTSTPDLAVVVLPEEFQNDEMWREEIAGLTRPNQILLSGAYQRLQGRVQPGEISLAVAFKRSLRSDRLYQPLYEANVMQLLLEGKLGAPKVEFEVHTLAPEGTNAFVTYEAASLYGLAEGRSAVHRAIRELYVPPTAADLARRFFAFLNERMELVNG,AAGTCCACCGGTGGACT,-12.5721464
3JSP,MKALTARQQEVFDLIRDHISQTGMPPTRAEIAQRLGFRSPNAAEEHLKALARKGVIEIVSGASRGIRLLQEEEEGLPLVGRVAAGEPLLAQQHIEGHYQVDPSLFKPNADFLLRVSGMSMKDIGIMDGDLLAVHKTQDVRNGQVVVARIDDEVTVARLKKQGNKVELLPENSEFKPIVVDLRQQSFTIEGLAVGVIRNGDWL,TATACTGTATGCGCATACAGTA,-11.9951353
3AAF,GIRMDDSEDTSWDFGPQAFKLLSAVDILGEKFGIGLPILFLRGSNSQRLADQYRRHSLFGTGKDQTESWWKAFSRQLITEGFLVEVSRYNKFMKICALTKKGRNWLHKANTESQSLILQANEELCPKKFLLPSS,ACCCTAATTAGGGT,-8.993525793
3N1L,MADAGKREGRVFAPYSVFKGKAALSAEPRLPTFNRLDSGGVKLNRRGVIMLTFWPSVGERKYDWEKRQLFALSATEVGSLISMGTRDSSEFFHDPSMLSSNAGQVRKSLSIKPNADGSGYFISLSVVNNNLKTNDRFTVPVTTAEFAVMRTAFSFALPHIMGWDRFTNRPLEHHHHHH,AAAAAAAAA,-11.40747097
3N1K,MADAGKREGRVFAPYSVFKGKAALSAEPRLPTFNRLDSGGVKLNRRGVIMLTFWPSVGERKYDWEKRQLFALSATEVGSLISMGTRDSSEFFHDPSMLSSNAGQVRKSLSIKPNADGSGYFISLSVVNNNLKTNDRFTVPVTTAEFAVMRTAFSFALPHIMGWDRFTNRPLEHHHHHH,AAAAAAAAA,-11.2361078
3R8F,KDFLNPKYTLENFIVGEGNRLAYEVVKEALENLGSLYNPIFIYGSVGTGKTHLLQAAGNEAKKRGYRVIYSSADDFAQAMVEHLKKGTINEFRNMYKSVDLLLLDDVQFLSGKERTQIEFFHIFNTLYLLEKQIILASDRHPQKLDGVSDRLVSRFEGGILVEIELDNKTRFKIIKEKLKEFNLELRKEVIDYLLENTKNVREIEGKIKLIKLKGFEGLERKERKERDKLMQIVEFVANYYAVKVEDILSDKRNKRTSEARKIAMYLCRKVCSASLIEIARAFKRKDHTTVIHAIRSVEEEKKKDRKFKHLVGFLEKQAFDKIC,AAAAAAAAAAAA,-9.486669352
2RRA,GSSGSSGNRANPDPNCCLGVFGLSLYTTERDLREVFSKYGPIADVSIVYDQQSRRSRGFAFVYFENVDDAKEAKERANGMELDGRRIRVDFSITKRPHT,GAAGAA,-7.939734787
3QMI,MHHHHHHSSRENLYFQGQIKRSARMCGECEACRRTEDCGHCDFCRDMKKFGGPNKIRQKCRLRQCQLRARESYKYFPSS,GCCAACGTTGGC,-6.708552207
2KXN,MGSSHHHHHHSSGLVPRGSHMASMTGGQQMGRGSRHVGNRANPDPNCCLGVFGLSLYTTERDLREVFSKYGPIADVSIVYDQQSRRSRGFAFVYFENVDDAKEAKERANGMELDGRRIRVDFSITKRPH,AAGAAC,-7.699669573
1U1P,MSKSESPKEPEQLRKLFIGGLSFETTDESLRSHFEQWGTLTDCVVMRDPNTKRSRGFGFVTYATVEEVDAAMNARPHKVDGRVVEPKRAVSREDSQRPGAHLTVKKIFVGGIKEDTEEHHLRDYFEQYGKIEVIEIMTDRGSGKKRGFAFVTFDDHDSVDKIVIQKYHTVNGHNCEVRKALSKQEMASASSSQRGR,TTAGGGTTAGGG,-9.106644568
1U1M,MSKSESPKEPEQLRKLFIGGLSFETTDESLRSHFEQWGTLTDCVVMRDPNTKRSRGFGFVTYATVEEVDAAMNARPHKVDGRVVEPKRAVSREDSQRPGAHLTVKKIFVGGIKEDTEEHHLRDYFEQYGKIEVIEIMTDRGSGKKRGFAFVTFDDHDSVDKIVIQKYHTVNGHNCEVRKALSKQEMASASSSQRGR,TAGGGTTAGGG,-8.90058801
1U1K,MSKSESPKEPEQLRKLFIGGLSFETTDESLRSHFEQWGTLTDCVVMRDPNTKRSRGFGFVTYATVEEVDAAMNARPHKVDGRVVEPKRAVSREDSQRPGAHLTVKKIFVGGIKEDTEEHHLRDYFEQYGKIEVIEIMTDRGSGKKRGFAFVTFDDHDSVDKIVIQKYHTVNGHNCEVRKALSKQEMASASSSQRGR,TAGGGTTAGGG,-8.856282162
1U1Q,MSKSESPKEPEQLRKLFIGGLSFETTDESLRSHFEQWGTLTDCVVMRDPNTKRSRGFGFVTYATVEEVDAAMNARPHKVDGRVVEPKRAVSREDSQRPGAHLTVKKIFVGGIKEDTEEHHLRDYFEQYGKIEVIEIMTDRGSGKKRGFAFVTFDDHDSVDKIVIQKYHTVNGHNCEVRKALSKQEMASASSSQRGR,TAGGGTTAIGG,-9.70558683
2AOR,MIPQTLEQLLSQAQSIAGLTFGELADELHIPVPIDLKRDKGWVGMLLERALGATAGSKAEQDFSHLGVELKTLPINAEGYPLETTFVSLAPLVQNSGVKWENSHVRHKLSCVLWMPIEGSRHIPLRERHIGAPIFWKPTAEQERQLKQDWEELMDLIVLGKLDQITARIGEVMQLRPKGANSRAVTKGIGKNGEIIDTLPLGFYLRKEFTAQILNAFLETKSL,CAGGATCCAAGCTTGGATCCTG,-8.242181187
2AOQ,MIPQTLEQLLSQAQSIAGLTFGELADELHIPVPIDLKRDKGWVGMLLERALGATAGSKAEQDFSHLGVELKTLPINAEGYPLETTFVSLAPLVQNSGVKWENSHVRHKLSCVLWMPIEGSRHIPLRERHIGAPIFWKPTAEQERQLKQDWEELMDLIVLGKLDQITARIGEVMQLRPKGANSRAVTKGIGKNGEIIDTLPLGFYLRKEFTAQILNAFLETKSL,GCATGATCATGC,-7.438072035
2I9K,MIEIKDKQLTGLRFIDLFAGLGGFRLALESCGAECVYSNEWDKYAQEVYEMNFGEKPEGDITQVNEKTIPDHDILCAGFPCQAFSISGKQKGFEDSRGTLFFDIARIVREKKPKVVFMENVKNAASHDNGNTLEVVKNTMNELDYSFHAKVLNALDYGIPQKRERIYMICFRNDLNIQNFQFPKPFELNTFVKDLLLPDSEVEHLVIDRKDLVMTNQEIEQTTPKTVRLGIVGKGGQGERIYSTRGIAITLSAYGGGIFAKTGGYLVNGKTRKLHPRECARVMGYPDSYKVHPSTSQAYKQFGNSVVINVLQYIAYNIGSSLNFKPY,TGATAGCGCTATC,-12.98254059
2GIJ,SFIKPIYQDINSILIGQKVKRPKSGTLSGHAAGEPFEKLVYKFLKENLSDLTFKQYEYLNDLFMKNPAIIGHEARYKLFNSPTLLFLLSRGKAATENWSIENLFEEKQNDTADILLVKDQFYELLDVKTRNISKSAFAPNIISAYKLAQTCAKMIDNKEFDLFDINYLEVDWELNGEDLVCVSTSFAELFKSEPSELYINWAAAMQIQFHVRDLDQGFNGTREEWAKSYLKHFVTQAEQRAISMIDKFVKPFKKYIL,GCCGGTTAACCGGC,-12.78332424
2GIG,SFIKPIYQDINSILIGQKVKRPKSGTLSGHAAGEPFEKLVYKFLKENLSDLTFKQYEYLNDLFMKNPAIIGHEARYKLFNSPTLLFLLSRGKAATENWSIENLFEEKQNDTADILLVKDQFYELLDVKTRNISKSAFAPNIISAYKLAQTCAKMIDNKEFDLFDINYLEVDWELNGEDLVCVSTSFAELFKSEPSELYINWAAAMQIQFHVRDLDQGFNGTREEWAKSYLKHFVTQAEQRAISMIDKFVKPFKKYIL,GCCGGTCGACCGGC,-12.25219901
2CCZ,MDPNSLMTNRLVLSGTVCRAPLRKVSPSGIPHCQFVLEHRSVQEEAGFHRQAWCQMPVIVSGHENQAITHSITVGSRITVQGFISCHKAKNGLSKMVLHAEQIELIDSVDKLAAALEHHHHHH,TTTTTTTTTTTTTTT,-9.5431
2AHI,SSSVPSQKTYQGSYGFRLGFLHSGTAKSVTCTYSPALNKMFCQLAKTCPVQLWVDSTPPPGTRVRAMAIYKQSQHMTEVVRRCPHHERCSDSDGLAPPQHLIRVEGNLRVEYLDDRNTFRHSVVVPYEPPEVGSDCTTIHYNYMCNSSCMGGMNRRPILTIITLEDSSGNLLGRNSFEVRVCACPGRDRRTEEENLRKKG,CGGACATGTCCG,-10.49600581
2ERG,KRKFACVECRQQKSKCDACERAPEPCTKCAKKNVPCILKRDFRRTYKRARNEAIEKRFKELTRTLTNLTSDE,TTGCCGGTACCGGCA,-10.36388839
2AYG,SSATPIVQFQGESNCLKCFRYRLNDKHRHLFDLISSTWHWASPKAPHKHAIVTVTYHSEEQRQQFLNVVKIPPTIRHKLGFMSMHLL,GCAACCGAATTCGGTTGC,-11.85930581
2ES2,MLEGKVKWFNSEKGFGFIEVEGQDDVFVHFSAIQGEGFKTLEEGQAVSFEIVEGNRGPQAANVTKEA,TTTTTT,-8.843430446
2ATA,SSSVPSQKTYQGSYGFRLGFLHSGTAKSVTCTYSPALNKMFCQLAKTCPVQLWVDSTPPPGTRVRAMAIYKQSQHMTEVVRRCPHHERCSDSDGLAPPQHLIRVEGNLRVEYLDDRNTFRHSVVVPYEPPEVGSDCTTIHYNYMCNSSCMGGMNRRPILTIITLEDSSGNLLGRNSFEVRVCACPGRDRRTEEENLRKKG,AAGGCATGCCTT,-9.646330049
2NP2,MSFSRRPKVTKSDIVDQIALNIKNNNLKLEKKYIRLVIDAFFEELKSNLCSNNVIEFRSFGTFEVRKRKGRLNARNPQTGEYVKVLDHHVAYFRPGKDLKERVWGIKG,GTATTTAATACTATATGTCATATAGTATTAAATACT,-9.897063545
3D6Y,MKESYYSIGEVSKLANVSIKALRYYDKIDLFKPAYVDPDTSYRYYTDSQLIHLDLIKSLKYIGTPLEEMKKAQDLEMEELFAFYTEQERQIREKLDFLSALEQTISLVKKRMKRQMEYPALGEVFVLDEEEIRIIQTEAEGIGPENVLNASYSKLKKFIESADGFTNNSYGATFSFQPYTSIDEMTYRHIFTPVLTNKQISSITPDMEITTIPKGRYACIAYNFSPEHYFLNLQKLIKYIADRQLTVVSDVYELIIPIHYSPKKQEEYRVEMKIEILDHHHHHH,TGACCCTCCCCTTAGGGGAGGGTC,-6.798999012
2VY1,LGTERQREHPFIVTEPGEVARGKKNGLDYLFHLYEQCREFLLQVQTIAKDRGEKCPTKVTNQVFRYAKKSGASYINKPKMRHYVHCYALHCLDEEASNALRRAFKERGENVGSWRQACYKPLVNIACRHGWDIDAVFNAHPRLSIWYVPTKLRQLCHLERNNAVAAAAALVGGISCTGSSTSGRGGCGGDDLRF,AGAAGGACCAGTGGTCCGTA,-9.573469409
3HXO,EDISEPPLHDFYCSRLLDLVFLLDGSSRLSEAEFEVLKAFVVDMMERLRISQKWVRVAVVEYHDGSHAYIGLKDRKRPSELRRIASQVKYAGSQVASTSEVLKYTLFQIFSKIDRPEASRIALLLMASQEPQRMSRNFVRYVQGLKKKKVIVIPVGIGPHANLKQIRLIEKQAPENKAFVLSSVDELEQQRDEIVSYLCDLAPEAPPPT,GGCGTGCAGTGCCTTCGGCCGTGCGGTGCCTCCGTCACGCCT,-12.5721464
3GIB,AKGQSLQDPFLNALRRERVPVSIYLVNGIKLQGQIESFDQFVILLKNTVSQMVYKHAISTVVPSRPVS,AAAAAAAAA,-12.07048365
3D2W,MRGSHHHHHHGSKVFVGRCTEDMTAEELQQFFCQYGEVVDVFIPKPFRAFAFVTFADDKVAQSLCGEDLIIKGISVHISNAEPKHNKLN,GTTGAGCGTT,-9.354551932
2KKF,GSKKGRRSRRCGQCPGCQVPEDCGVCTNCLDKPKFGGRNIKKQCCKMRKCQNLQWMPSK,CCCTGCGCAGGG,-5.939280966
3M9E,GSDELCVVCGDKATGYHYRCITCEGCKGFFRRTIQKSLHPSYSCKYEGKCIIDKVTRNQCQECRFKKCIYVGMATDLVLDDSKRLAKRKLIEENREKRRREELQK,ATTGACCTCAGCTGAGGTCAAT,-9.387761028
3JSO,MKALTARQQEVFDLIRDHISQTGMPPTRAEIAQRLGFRSPNAAEEHLKALARKGVIEIVSGASRGIRLLQEEEEGLPLVGRVAAGEPLLAQQHIEGHYQVDPSLFKPNADFLLRVSGMSMKDIGIMDGDLLAVHKTQDVRNGQVVVARIDDEVTVARLKKQGNKVELLPENSEFKPIVVDLRQQSFTIEGLAVGVIRNGDWL,TATACTGTATATATATACAGTA,-12.40181742
3K3R,MKALTARQQEVFDLIRDHISQTGMPPTRAEIAQRLGFRSPNAAEEHLKALARKGVIEIVSGASRGIRLLQEEEEGLPLVGRVAAGEPLLAQQHIEGHYQVDPSLFKPNADFLLRVSGMSMKDIGIMDGDLLAVHKTQDVRNGQVVVARIDDEVTVARLKKQGNKVELLPENSEFKPIVVDLRQQSFTIEGLAVGVIRNGDWL,GTTGATACTGTATGATCATACAGTATCAA,-11.96607063
3N1I,MADAGKREGRVFAPYSVFKGKAALSAEPRLPTFNRLDSGGVKLNRRGVIMLTFWPSVGERKYDWEKRQLFALSATEVGSLISMGTRDSSEFFHDPSMLSSNAGQVRKSLSIKPNADGSGYFISLSVVNNNLKTNDRFTVPVTTAEFAVMRTAFSFALPHIMGWDRFTNRPLEHHHHHH,TTTTTTTTT,-11.55390641
3N1J,MADAGKREGRVFAPYSVFKGKAALSAEPRLPTFNRLDSGGVKLNRRGVIMLTFWPSVGERKYDWEKRQLFALSATEVGSLISMGTRDSSEFFHDPSMLSSNAGQVRKSLSIKPNADGSGYFISLSVVNNNLKTNDRFTVPVTTAEFAVMRTAFSFALPHIMGWDRFTNRPLEHHHHHH,TTTTTTTTT,-11.3857908
3KJP,MSLVPATNYIYTPLNQLKGGTIVNVYGVVKFFKPPYLSKGTDYCSVVTIVDQTNVKLTCLLFSGNYEALPIIYKNGDIVRFHRLKIQVYKKETQGITSSGFASLTFEGTLGAPIIPRTSSKYFNFTTEDHKMVEALRVWASTHMSPSWTLLKLCDVQPMQYFDLTCQLLGKAEVDGASFLLKVWDGTRTPFPSWRVLIQDLVLEGDLSHIHRLQNLTIDILVYDNHVHVARSLKVGSFLRIYSLHTKLQSMNSENQTMLSLEFHLHGGTSYGRGIRVLPESNSDVDQLKKDLESANLTA,GGTTAGGGTTAG,-11.17995903
3Q0B,QIIGTVPGVEVGDEFQYRMELNLLGIHRPSQSGIDYMKDDGGELVATSIVSSGGYNDVLDNSDVLIYTGQGGNVGKKKNNEPPKDQQLVTGNLALKNSINKKNPVRVIRGIKNTTLQSSVVAKNYVYDGLYLVEEYWEETGSHGKLVFKFKLRRIPGQPELPWKEVA,ACTACGTAGT,-8.134233394
3PIH,MNEIVVKGARVHNLKNITVRIPKNRLVVITGVSGSGKSSLAMDTIYAEGQRRYLESLSTYARQFLGNLKKPDVDEIEGLSPAIAIDQKTVSHNPRSTVGTVTEIYDYLRVLYARIGKAHCPECGRPLEKKSIDEILQDLFNSFKEGSRIYILAPVATEKKGTFKKEIEEFISKGFARIEIDGEIYRLEEVPELDKNKRHTVKLVVDRLILETRNEHRILDSLELAMREGKGFVEIRNVDTGESKIFSENLMCPVCGIGFPEITPKLFSFNSPYGACPNCHGLGFTFEVDPSLVIDEEKSVLEGAIIPYRWDRRLSRWVAREIEKRGVSPHLPFKDLPEDVKEFILYGDDRFEGVVPKVQRWHRETESPEMKEWLEKNFIVQRTCSVCGGRRLNREALSVKINGLNIHEFTELSISEELEFLKNLNLTEREREIVGELLKEIEKRLEFLVDVGLEYLTLSRSATTLSGGESQRIRLATQIGSGLTGVIYVLDEPTIGLHPRDTERLIKTLKKLRDLGNTVIVVEHDEEVIRNADHIIDIGPGGGTNGGRVVFQGTVDELLKNPDSSLTGEYLSGKRKITVNKTRRLPYASLKIKGVRHNNLKNIDVEIPLGVFVCVTGVSGSGKSSLVMETLYPALMNLLHKTKLPAGEFDSIEGHENIDKMIAIDQSPIGRTPRSNPATYTKVFDEIRSLFAMTPAAKARGYNKSRFSFNLKGGRCEACQGQGYVKIEMLFLPDVYVECDVCKGKRYNRETLEITYKGKNISDILDMTVDEALEFFKNIPSIKRTLQVLHDVGLGYVKLGQPATTLSGGEAQRIKLASELRKRDTGRTLYILDEPTVGLHFEDVRKLVEVLHRLVDRGNTVIVIEHNLDVIKNADHIIDLGPEGGKEGGYIVATGTPEEIAKNPHSYTGRFLKNVL,AGTGATCAGTGGTTCCGGAACCACTGATCACT,-11.88967522
3QMH,MHHHHHHSSRENLYFQGQIKRSARMCGECEACRRTEDCGHCDFCRDMKKFGGPNKIRQKCRLRQCQLRARESYKYFPSS,GCCATCGATGGC,-6.502328985
3QMB,MHHHHHHSSRENLYFQGQIKRSARMCGECEACRRTEDCGHCDFCRDMKKFGGPNKIRQKCRLRQCQLRARESYKYFPSS,GCCACCGGTGGC,-7.438072035
3U7F,SSLGWESLKKLLVFTASGVKPQGKVAAFALDGTLITTRSGKVFPTSPSDWRILYPEIPKKLQELAAEGYKLVIFTNQMGIGRGKLPAEVFKGKVEAVLEKLGVPFQVLVATHAGLNRKPVSGMWDHLQEQANEGIPISVEDSVFVGDAAGRLANWAPGRKKKDFSCADRLFALNVGLPFATPEEFFLKWPAARFELPAFDPRTISSAGPLYLPESSSLLSPNPEVVVAVGFPGAGKSTFIQEHLVSAGYVHVNRDTLGSWQRCVSSCQAALRQGKRVVIDNTNPDVPSRARYIQCAKDAGVPCRCFNFCATIEQARHNNRFREMTDPSHAPVSDMVMFSYRKQFEPPTLAEGFLEILEIPFRLQEHLDPALQRLYRQFSEG,TCCTC,-8.4822464
3RN2,GSVDSIREGFQKRCLPVMVLKAKKPFTFETQEGKQEMFHATVATEKEFFFVKVFNTLLKDKFIPKRIIIIARYYRHSGFLEVNSASRVLDAESDQKVNVPLNIIRKAGETPKINTLQTQPLGTIVNGLFVVQKVTEKKKNILFDLSDNTGKMEVLGVRNEDTMKCKEGDKVRLTFFTLSKNGEKLQLTSGVHSTIKVIKAKKKTAAAS,CCATCAAAGATCTTTGATGG,-9.47600107
4ATK,ANIKRELTACIFPTESEARALAKERQKKDNHNLIERRRRFNINDRIKELGTLIPKSNDPDMRWNKGTILKASVDYIRKLQREQQRAKDLENRQKKLEHANRHLLLRVQELEMQARAHG,AGTAGCACGTGCTACT,-11.95552899
2LTT,MADKLKFEIIEELIVLSENAKGWRKELNRVSWNDAEPKYDIRTWSPDHEKMGKGITLSEEEFGVLLKELGNKLEHHHHHH,TTTTTTTTTTTTTTTTT,-10.62812323
4HIO,MSDSFSLLSQITPHQRCSFYAQVIKTWYSDKNFTLYVTDYTENELFFPMSPYTSSSRWRGPFGRFSIRCILWDEHDFYCRNYIKEGDYVVMKNVRTKIDHLGYLECILHGDSAKRYNMSIEKVDSEEPELNEIKSRKRLYVQN,GGTAACGGT,-10.46711844
4HIK,MSDSFSLLSQITPHQRCSFYAQVIKTWYSDKNFTLYVTDYTENELFFPMSPYTSSSRWRGPFGRFSIRCILWDEHDFYCRNYIKEGDYVVMKNVRTKIDHLGYLECILHGDSAKRYNMSIEKVDSEEPELNEIKSRKRLYVQN,GGTTACGGT,-10.38805801
4A76,GSDPQVLRGSGHCKWFNVRMGFGFISMTSREGSPLENPVDVFVHQSKLYMEGFRSLKEGEPVEFTFKKSSKGFESLRVTGPGGNPCLGNE,TTTTTTT,-9.855497453
4HJ7,MSDSFSLLSQITPHQRCSFYAQVIKTWYSDKNFTLYVTDYTENELFFPMSPYTSSSRWRGPFGRFSIRCILWDEHDFYCRNYIKEGDYVVMKNVRTKIDHLGYLECILHGDSAKRYNMSIEKVDSEEPELNEIKSRKRLYVQN,GGTTAGGGT,-11.2088464
4HID,MSDSFSLLSQITPHQRCSFYAQVIKTWYSDKNFTLYVTDYTENELFFPMSPYTSSSRWRGPFGRFSIRCILWDEHDFYCRNYIKEGDYVVMKNVRTKIDHLGYLECILHGDSAKRYNMSIEKVDSEEPELNEIKSRKRLYVQN,GCTTACGGT,-8.272550596
4LJ0,SEQDCKYWPNCANPLCAFRHPTMPPCRNGGECKVPGCKFTHLKTPCKFRPCTNRSCPFLHEEGQRG,AAAAAAAA,-8.590194193
4HT8,MAKGQSLQDPFLNALRRERVPVSIYLVNGIKLQGQIESFDQFVILLKNTVSQMVYKHAISTVVPS,AAAAAAA,-9.470738158
4GCK,MPPGKCLFSGVFCNMAEKQTAKRNRREEILQSLALMLESSDGSQRITTAKLAASVGVSEAALYRHFPSKTRMFDSLIEFIEDSLITRINLILKDEKDTTARLRLIVLLILGFGERNPGLTRILTGHALMFEQDRLQGRINQLFERIEVQLRQVMREKKMREGEGYTLDETLLASQLLAFCEGMLSRFVRSEFKYRPTDDFEARWPLVAAQLQ,GTGAGTACTCAC,-9.256008072
4F2J,GSSSRECSYCGKFFRSNYYLNIHLRTHTGEKPYKCEFCEYAAAQKTSLRYHLERHHK,TTTGCAGAATCGATTCTGCA,-10.36388839
4GCT,MAGNKKINRREEILQALAEMLESNEGASRITTAKLAKQVGVSEAALYRHFPSKTRMFEGLIEFIEESLMSRINRIFDEEKDTLNRIRLVMQLLLAFAERNPGLTRILSGHALMFENERLRDRINQLFERIETSLRQILRERKLREGKSFPVDENILAAQLLGQVEGSLNRFVRSDFKYLPTANFDEYWALLSAQIK,TTACGTGAGTACTCACGTAA,-9.914543004
4NI7,MAPVPPGEDSKDVAAPHRQPLTSSERIDKQIRYILDGISALRKETCNKSNMCESSKEALAENNLNLPKMAEKDGCFQSGFNEETCLVKIITGLLEFEVYLEYLQNRFESSEEQARAVQMSTKVLIQFLQKKAKNLDAITTPDPTTNASLLTKLQAQNQWLQDMTTHLILRSFKEFLQSSLRALRQM,GGCAGGXXXGGXAXXAACACGXXAAGXCGXGG,-13.22260581
4CH1,GAMGSRDTMFTKIFVGGLPYHTSDKTLHEYFEQFGDIEEAVVITDRNTQKSRGYGFVTMKDRASAERACKDPNPIIDGRKANVNLAYLGAKPRTNVQ,GGTGTGC,-9.00296143
4QJU,MNKTDLINAVAEQADLTKKEAGSAVDAVFESIQNSLAKGEKVQLIGFGNFEVRERAARKGRNPQTGKEIDIPASKVPAFKAGKALKDAVKLEHHHHHH,TGCTTATCAATTTGTTGCACC,-8.76847059
4ZBN,SSSHPIFHRGEFSVCDSVSVWVGDKTTATDIKGKEVMVLGEVNINNSVFKQYFFETKCRDPNPVDSGCRGIDSKHWNSYCTTTHTFVKALTMDGKQAAWRFIRIDTACVCVLSRKAVRRA,CAXGAGGACXXGGGGXXXAGCCGXXGXG,-13.19371844
4R55,MSSGKKPVKVKTPAGKEAELVPEKVWALGRVKIGLFKDPETGKYFRHKLPDDYPI,GTGATCAC,-7.876170635
4S0N,GPGSVDSVLFGSLRGHVVGLRYYTGVVNNNEMVALQRDPNNPYDKNAIKVNNVNGNQVGHLKKELAGALAYIMDNKLAQIEGVVPFGANNAFTMPLHMTFWGKEENRKAVSDQLKKHGFKLGPAPKTLGF,TTTTTTTTTT,-10.75106103
4ZSF,MNFFEYCISTYAKIFEETMNAVGDERVSQKKAIRDTMISAMREFPNVEAAEIWKAVYSAHMDRKSGIADPDIIQKVISAENSWKKSSGHAFEEMIKLLGNSSLEEYGMRILLQKDLNMMIENQEIANEPRDINWLKEQISSNVFDLYITVRNNDKEYVFGCIQSKTSIRDRVTRDREPSMKAMEAFFWSVAICLDGDFLKMPKFIAMVNGGTSNYRLNGWHGMYVFWDKPTIDRIYPIDINLELFVQHAREAAEDWLHRRQWFNYEWKAGQK,CTCGACCGGTCGAG,-11.63931281
4RKG,SPPKPKCRCGISGSSNTLTTCRNSRCPCYKSYNSCAGCHCVGCKNPHKEDYV,GCGCGCGCGCGC,-6.257638173
5A72,AQPTNFHDQLKFAWLAGFVDADGCINAQIVSREDYLLKYQVRVSLTVFQSTTQHFILLDIQKILGCGTVRKRNDGMSEFCVVGGTSLQTTLEKLLPYLNLKRAQAKLVLQIIKKLPNTKDPSVLMEAALLADKVGLLTDGKKRTILAENVRECLKKLGHVVSAALEHHHHHH,TCAGAACGTCGTACGACGTTCTGA,-9.915652796
5DWA,MRLDLDFGRGLVAHVMLDNVSEEQYQQISDYFVPLVNKPKLKSRDAIGQAFVMATEVCPDANPSDLWHHVLYRIYIREKIGTDPSQSWVRTSGEAFEVALVERYNPVLARHGIRLTALFKGQKGLALTRMGVADRVGSRKVDVMIEKQGGGRSPDAEGFGVVGGIHAKVSLAERVSDDIPASRIMMGEGLLSVLSTLDVKSFPPPHGDLVNRGELGTPDRPSDKRNYIEGHGDFSACFSYNLRTSPSNATTPSGRHIYVSGFSGQDDEFTDYLVAQLA,TCGACCGGTCG,-12.33208119
5K83,GPAGSMKPQIRNMVEPMDPRTFVSNFNNRPILSGLDTVWLCCEVKTKDPSGPPLDAKIFQGKVYPKAKYHPEMRFLRWFHKWRQLHHDQEYKVTWYVSWSPCTRCANSVATFLAKDPKVTLTIFVARLYYFWKPDYQQALRILAEAGATMKIMNYNEFQDCWNKFVDGRGKPFKPWNNLPKHYTLLQATLGELLRH,TTTTTTTTTT,-7.912730004
5ITH,GNHFHVFVGDLSPEITTEDIKAAFAPFGRISDARVVKDMATGKSKGYGFVSFFNKWDAENAIQQMGGQWLGGRQIRTNWATRKPPAPKSTYE,ACTCCTTTTT,-10.25594059
5W9S,MHHHHHHSSGRENLYFQGSSGKKKRKRCGMCAPCRRRINCEQCSSCRNRKTGHQICKFRKCEELKKKPSAA,GCCAACGTTGGC,-9.5431
5YI3,GMSLANQIDQFLGTIMQFAENKHEILLGKSESDVKLTSTQEHILMLLAEQISTNAKIAEKLKISPAAVTKALKKLQEQELIKSSRATNDERVVLWSLTEKAVPVAKEHATHHEKTLSTYQELGNKFTDEEQEVISKFLSALTEEFQ,TGTTAACTAGTTAACA,-8.533763545
5XFP,SGPRPRLWEGQDVLARWTDGLLYLGTIKKVDSAREVCLVQFEDDSQFLVLWKDISPAALPGEELLCCVCRSETVVPGNRLVSCEKCRHAYHQDCHVPRAPAPGEGEGTSWVCRQCVFAIATKRGGALKKGPYARAMLGMKLSLPYGLKGLDWDAGHLSNRQQSYCYCGGPGEWNLKMLQCRSCLQWFHEACTQCLSKPLLYGDRFYEFECCVCRGGPEKVRRLQLRWVDVAHLVLYHLSVCCKKKYFDFDREILPFTSENWDSLLLGELSDTPKGERSSRLLSALNSHKDRFISGREIKKRKCLFGLHARMPPPVEPPTGDGALTSFPSGQGPGGG,GGGCGGCCGCCCT,-8.071852207
5MEY,GAMGPTSNDACLSIVHSLMCHRQGGESETFAKRAIESLVKKLKEKKDELDSLITAITTNGAHPSKCVTIQRTLDGRLQVAGRKGFPHVIYARLWRWPDLHKNELKHVKYCQYAFDLKCDSVCVNPYHYERVVSPG,ATGCGGGCGCGCCCGCAT,-9.264823228
5MEZ,GAMGPTSNDACLSIVHSLMCHRQGGESETFAKRAIESLVKKLKEKKDELDSLITAITTNGAHPSKCVTIQRTLDGRLQVAGRKGFPHVIYARLWRWPDLHKNELKHVKYCQYAFDLKCDSVCVNPYHYERVVSPG,TGCAGGCTAGCCTGCA,-9.000588386
5W2M,NPMEAMYPHIFYFHFKNLRKAYGRNESWLCFTMEVVKHHSPVSWKRGVFRNQVDPETHCHAERCFLSWFCDDILSPNTNYEVTWYTSWSPCPECAGEVAEFLARHSNVNLTIFTARLYYFWDTDYQEGLRSLSQEGASVEIMGYKDFKYCWENFVYNDDEPFKPWKGLKYNFLFLDSKLQEILE,TTTTTTTTTT,-7.084446914
5K17,MSSGKKPVKVKTPAGKEAELVPEKVWALAPKGRKGVKIGLFKDPETGKYFRHKLPDDYPI,GTGATCGC,-6.890842678
6MG1,HMKHSDEYKIRRERNNIAVRKSRDKAKMRNLETQHKVLELTAENERLQKKVEQLSRELSTLRNLFKQLPEPLLASSGH,TATATTGCGCAATATA,-10.27601281
5VMV,MANKRMKVKHDDHYELIVDGRVYYICIVCKRSYVCLTSLRRHFNIHSWEKKYPCRYCEKVFPLAEYRTKHEIHHTGERRYQCLACGKSFINYQFMSSHIKSVHSQDPSGDSKLYRLHPCRSLQIRQYAYLSDRS,TGCTTCTCGCGAGAAGCA,-12.76939245
6CNQ,GATESGKRMDCPALPPGWKKEEVIRKSGLSAGKSDVYYFSPSGKKFRSKPQLARYLGNTVDLSSFDFRTGKMMPSKLQK,GCCAACGTTGGC,-8.242181187
6FQP,GPMDIPLDLSSSAGSGKRRRRGNLPKESVQILRDWLYEHRYNAYPSEQEKALLSQQTHLSTLQVCNWFINARRRLLPDMLRKDGKDPNQFTISRRGAKISE,ATTGACAGCTGTCAAT,-9.229277367
5WWF,RKKREKEQFRKLFIGGLSFETTEESLRNYYEQWGKLTDCVVMRDPASKRSRGFGFVTFSSMAEVDAAMAARPHSIDGRVVEPKRAVAREESGKPGAHVTVKKLFVGGIKEDTEEHHLRDYFEEYGKIDTIEIITDRQSGKKRGFGFVTFDDHDPVDKIVLQKYHTINGHNAEVRKALSRQEMQE,AAGGACGAGC,-9.029463916
6FQQ,GPGSGKRRAAGNLPKESVQILRDWLYEHRYNAYPSEQEKALLSQQTHLSTLQVCNWFINARRRLLPDMLRK,ATTGACAGCTGTCAAT,-8.739430838
5ZVB,MAHHHHHHVDDDDKMLVPRGSENLYFQGSAMDPPTFTFNFNNEPWVRGRHETYLCFTMEVVKHHSPVSWKRGVFRNQVDPETHCHAERCFLSWFCDDILSPNTNYEVTWYTSWSPCPECAGEVAEFLARHSNVNLTIFTARLYYFWDTDYQEGLRSLSQEGASVEIMGYKDFKYCWENFVYNDDEPFKPWKGLKYNFLFLDSKLQEILE,ATTTTCAAT,-5.990113463
5ZVA,MAHHHHHHVDDDDKMLVPRGSENLYFQGSAMDPPTFTFNFNNEPWVRGRHETYLCFTMEVVKHHSPVSWKRGVFRNQVDPETHCHAERCFLSWFCDDILSPNTNYEVTWYTSWSPCPECAGEVAEFLARHSNVNLTIFTARLYYFWDTDYQEGLRSLSQEGASVEIMGYKDFKYCWENFVYNDDEPFKPWKGLKYNFLFLDSKLQEILE,ATTTTCAACT,-5.808672563
5MPF,SGNNFEYTLEASKSLRQKPGDSTMTYLNKGQFYPITLKEVSSSEGIHHPISKVRSVIMVVFAEDKSREDQLRHWKYWHSRQHTAKQRCIDIADYKESFNTISNVEEIAYNAISFTWDINDEAKVFISVNCLSTDFSSQKGVKGLPLNIQIDTYSYNNRSNKPVHRAYCQIKVFCDKGAERKIRDEERKQSKRKVSDVKVPLLPSHKRMDITVFKPFIDLDTQPVLFIPDVHFANLQRG,AAAACCGGTTTT,-9.605481187
6G1L,GAMANIKRELTACIFPTESEARALAKERQKKDNHNLIERRRRFNINDRIKELGTLIPKSNDPDMRWNKGTILKASVDYIRKLQREQQRAKDLENRQKKLEHANRHLLLRVQELEMQARAHG,AGTATCACGTGATACT,-12.33208119
6IIQ,SMARPRPREYKAGDLVFAKMKGYPHWPARIDELPEGAVKPPANKYPIFFFGTHETAFLGPKDLFPYKEYKDKFGKSNKRKGFNEGLWEIENNPGVKFTGY,TATATATATATATATA,-8.024461028
6IIR,SMARPRPREYKAGDLVFAKMKGYPHWPARIDELPEGAVKPPANKYPIFFFGTHETAFLGPKDLFPYKEYKDKFGKSNKRKGFNEGLWEIENNPGVKFTGY,GCGCGCGCGC,-7.570189456
3ON0,MPKIQTYVNNNVYEQITDLVTIRKQEGIEEASLSNVSSMLLELGLRVYMIQQEKREGGFNQMEYNKLMLENVSRVRAMCTEILKMSVLNQESIASGNFDYAVIKPAIDKFAREQVSIFFPDDEDDQE,AGATTCGAATCTAGATTCGAATCT,-11.34096382
4HQU,SLGSLTIAEPAMIAECKTRTEVFEISRRLIDRTNANFLVWPPCVEVQRCSGCCNNRNVQCRPTQVQLRPVQVRKIEIVRKKPIFKKATVTLEDHLACKCETVAAARPVT,XXACXGXXACACGCGXXXAXAGCX,-14.58590581
4HQX,SLGSLTIAEPAMIAECKTRTEVFEISRRLIDRTNANFLVWPPCVEVQRCSGCCNNRNVQCRPTQVQLRPVQVRKIEIVRKKPIFKKATVTLEDHLACKCETV,XXACXGXXACACGCGXXXAXAGCX,-12.16175221
4A75,GSDPQVLRGSGHCKWFNVRMGFGFISMTSREGSPLENPVDVFVHQSKLYMEGFRSLKEGEPVEFTFKKSSKGFESLRVTGPGGNPCLGNE,TTTTTT,-9.232422056
3QSU,MIANENIQDKALENFKANQTEVTVFFLNGFQMKGVIEEYDKYVVSLNSQGKQHLIYKHAISTYTVETEGQASTESEE,AAAAAAA,-10.51099581
4HJ8,MSDSFSLLSQITPHQRCSFYAQVIKTWYSDKNFTLYVTDYTENELFFPMSPYTSSSRWRGPFGRFSIRCILWDEHDFYCRNYIKEGDYVVMKNVRTKIDHLGYLECILHGDSAKRYNMSIEKVDSEEPELNEIKSRKRLYVQN,GGTTACGCT,-10.43957516
4HIM,MSDSFSLLSQITPHQRCSFYAQVIKTWYSDKNFTLYVTDYTENELFFPMSPYTSSSRWRGPFGRFSIRCILWDEHDFYCRNYIKEGDYVVMKNVRTKIDHLGYLECILHGDSAKRYNMSIEKVDSEEPELNEIKSRKRLYVQN,GGATACGGT,-10.13177059
4HJ5,MSDSFSLLSQITPHQRCSFYAQVIKTWYSDKNFTLYVTDYTENELFFPMSPYTSSSRWRGPFGRFSIRCILWDEHDFYCRNYIKEGDYVVMKNVRTKIDHLGYLECILHGDSAKRYNMSIEKVDSEEPELNEIKSRKRLYVQN,GGTTTCGGT,-9.816659029
4HP1,MHHHHHHSSGRENLYFQGSNKKRKRCGVCVPCLRKEPCGACYNCVNRSTSHQICKMRKCEQLKKKRVVPMKG,GCCACCGGTGGC,-7.027677842
4J1J,MSTGPDFIYDDRPAAVSSTFNPEKGYMDFITAYGKNINADNVRIFFLNHKKAKDSLKGSPKVEVDLQFGTLRVKVVNNHNPRNRDNPVADNAITLHRLSGYLAKWCFDEIDHGQIEEAEVKSKVVIPLAEAKGCKWGDGVALYLAFAPGAEMFLKDFEFYPLAIDIQRVVKDGMDITFMRKVLKQRYGTKTADDWMISEVTAIQSAVKVVAKLPWAKAGFTAAAKNFLAKFNISV,ACCAAACAACCCACCCA,-8.584302864
4NM6,GGSDFPSCRCVEQIIEKDEGPFYTHLGAGPNVAAIREIMEERFGQKGKAIRIERVIYTGKEGKSSQGCPIAKWVVRRSSSEEKLLCLVRERAGHTCEAAVIVILILVWEGIPLSLADKLYSELTETLRKYGTLTNRRCALNEERTCACQGLDPETCGASFSFGCSWSMYYNGCKFARSKIPRKFKLLGDDPKEEEKLESHLQNLSTLMAPTYKKLAPDAYNNQIEYEHRAPECRLGLKEGRPFSGVTACLDFCAHAHRDLHNMQNGSTLVCTLTREDNREFGGKPEDEQLHVLPLYKVSDVDEFGSVEAQEEKKRSGAIQVLSSFRRKVRMLAEPVKTCRQRKLEAKKAAAEKLSGGGGSGGGGSGGGGSDEVWSDSEQSFLDPDIGGVAVAPTHGSILIECAKRELHATTPLKNPNRNHPTRISLVFYQHKSMNEPKHGLALWEAKMAEKAREKEEECEKYG,ACCACCGGTGGT,-8.139741096
4GCL,MPPGKCLFSGVFCNMAEKQTAKRNRREEILQSLALMLESSDGSQRITTAKLAASVGVSEAALYRHFPSKTRMFDSLIEFIEDSLITRINLILKDEKDTTARLRLIVLLLLGFGERNPGLTRILTGHALMFEQDRLQGRINQLFERIEAQLRQVLREKRMREGEGYATDETLLASQILAFCEGMLSRFVRSEFKYRPTDDFDARWPLIAAQLQ,AGTGAGTACTCACT,-9.277918598
3ZPL,MHHHHHHENLYFQGMNDEPRWLTAEEQLVWRSYIEAATLLEDHLDRQLQRDAGMPHVYYGLLVKLAESPRRRLRMTELAKYAKITRSRLSHAVARLEKNGWVRREDCPSDKRGQFAILTDEGYEVLRRTAPGHVDAVRQAVFDRLTPEQQKSLGEIMRIVAEGLQPSEAGADLPWLR,AAAGATTGAGATCTCAATCTTT,-11.75135801
3ZH2,MAPKAKIVLVGSGMIGGVMATLIVQKNLGDVVLFDIVKNMPHGKALDTSHTNVMAYSNCKVSGSNTYDDLAGADVVIVTAGFTKAPGKSDKEWNRDDLLPLNNKIMIEIGGHIKKNCPNAFIIVVTNPVDVMVQLLHQHSGVPKNKIIGLGGVLDTSRLKYYISQKLNVCPRDVNAHIVGAHGNKMVLLKRYITVGGIPLQEFINNKLISDAELEAIFDRTVNTALEIVNLHASPYVAPAAAIIEMAESYLKDLKKVLICSTLLEGQYGHSDIFGGTPVVLGANGVEQVIELQLNSEEKAKFDEAIAETKRMKALA,CTGGGCGGTAGAACCATAGTGACCCAGCCGTCTAC,-10.05672424
4HT4,AMYHFQNKFVSKANGQSATAKSAFNSASRIKDFKENEFKDYSNKQCDYSEILLPNNADDKFKDREYLWNKVHDVENRKNSQVAREIIIGLPNEFDPNSNIELAKEFAESLSNEGMIVDLNIHKINEENPHAHLLCTLRGLDKNNEFEPKRKGNDYIRDWNTKEKHNEWRKRWENVQNKHLEKNGFSVRVSADSYL,CGCGAACGGAACGTTCGCATAAGTGCGC,-11.03851742
4LNQ,GPHMKGAVLHEKPMTVMVLTATEPFNYKEGKENMFHATVATESKYYRVKVFNMDLKEKFTENKFITISKYFNSSGILEINETATVSEAAPNQMFEVPKNIIRSAKETLKISKIKELDSGTLIYGVFAVEKKKVNDKSITFKIKDNEDNIKVVWDKEQHNINYEKGDKLQLFSFHLRKGNGKPILHSGNHSFIKGEKL,CCATCAAAGATCTTTGATGG,-8.010953058
4LJR,MKSHFQYSTLENIPKAFDILKDPPKKLYCVGDTKLLDTPLKVAIIGTRRPTPYSKQHTITLARELAKNGAVIVSGGALGVDIIAQENALPKTIMLSPCSLDFIYPTNNHKVIQEIAQNGLILSEYEKDFMPIKGSFLARNRLVIALSDVVIIPQADLKSGSMSSARLAQKYQKPLFVLPQRLNESDGTNELLEKGQAQGIFNIQNFINTLLKDLEHHHHHH,TTTTTTTTTTTTTTTTTTTTTTTTTTTTTTTTTTT,-10.24421598
4R56,MSSGKKPVKVKTPAGKEAELVPEKVWALAPKGRKGVKIGLFKDPETGKYFRHKLPDDYPI,GTGATCAC,-9.369818028
4TMU,MGSSHHHHHHSSGLVPRGSHMAQAEVYSQETLAKQVLQETFGYQQFRPGQATIIDAVLEGRDCLVVMPTGGGKSLCYQIPALVKTGLTIVVSPLISLMKDQVDQLLANGVAAACLNSTQSREEQQAVLAGCRTGQVRLLYIAPERLMMDNFIDTLGYWDLAMVAVDEAHCISQWGHDFRPEYAALGQLRARFPAVPFMALTATADDTTRRDIVRLLGLDDPLIEISSFDRPNIRYMLMEKFKPLDQLMRYVQEQRGKSGIIYCNSRAKVEDTAARLQSRGISAAAYHAGLEHEVRASVQEKFQRDDLQIVVATVAFGMGINKPNVRFVVHFDIPRNIESYYQETGRAGRDGLPAEAMLFYDPADMAWLRRCLEEKAPGPLQDIERHKLNAMGAFAEAQTCRRLVLLNYFGEGRQAPCGNCDICLDPPRRYDGLVDAQKALSAIARVEQRFGMGYVVEVLRGANNQRIRELGHDKLKVYGIGRDQSQEHWVSVIRQLIHLGVVTQNIAQHSALQLTEAARPFLRGEAPLMLAVPRVAALKPR,CGGTAGAATTGTAAAATTCTACCGGTGCCTTACT,-12.02963479
4R22,SYRDKKVMSIGIVKELTGLSERQIRYYEKRSLLFPDRTNTGIRKYSFSDVERLMDIADRIEEGVQTSEIRTELAKKDEARKM,CGTGTAAGGAATTCTGACACG,-10.81852442
4Z3C,GGDGRKKRKRCGTCEPCRRLENCGACTSCTNRRTHQICKLRKCEVLKKKVGL,GCCAACGTTGGC,-7.661458014
3WPC,RSPWQGTLPPFLPCELQPHGLVNCNWLFLKSVPHFSAAAPRDNVTSLSLLSNRIHHLHDSDFAQLSNLQKLNLKWNCPPAGLSPMHFPCHMTIEPNTFLAVPTLEELNLSYNGITTVPALPSSLVSLILSRTNILQLDPTSLTGLHALRFLYMDGNCYYKNPCGRALEVAPGALLGLGNLTHLSLKYNNLTTVPRSLPPSLEYLLLSYNHIVTLAPEDLANLTALRVLDVGGNCRRCDHARNPCVECPHKFPQLHSDTFSHLSRLEGLVLKDSSLYQLNPRWFRGLGNLTVLDLSENFLYDCITKTKAFQGLAQLRRLNLSFNYHKKVSFAHLTLAPSFGSLLSLQELDMHGIFFRSLSQKTLQPLARLPMLQRLYLQMNFINQAQLGIFKDFPGLRYIDLSDNRISGAVEPVATTGEVDGGKKVWLTSRDLTPGPLDTPSSEDFMPSCKNLSFTLDLSRNNLVTVQPEMFAQLSRLQCLRLSHNSISQAVNGSQFVPLTSLQVLDLSHNKLDLYHGRSFTELPRLEALDLSYNSQPFSMRGVGHNLSFVAQLPTLRYLSLAHNGIHSRVSQQLCSTSLWALDFSGNSLSQMWAEGDLYLRFFQGLRSLIRLDLSQNRLHTLLPCTLGNLPKSLQLLRLRNNYLAFFNWSSLTLLPNLETLDLAGNQLKALSNGSLPSGTQLQRLDVSRNSIIFVVPGFFALATRLRELNLSANALRTVEPSWFGFLAGSLEVLDVSANPLHCACGAAFVDFLLQVQAAVPGLPSRVKCGSPGQLQGRSIFAQDLRLCLDESLSWDEFLVPR,CATGACGTTCCT,-10.49600581
3WPD,RSPWQGTLPPFLPCELQPHGLVNCNWLFLKSVPHFSAAAPRDNVTSLSLLSNRIHHLHDSDFAQLSNLQKLNLKWNCPPAGLSPMHFPCHMTIEPNTFLAVPTLEELNLSYNGITTVPALPSSLVSLILSRTNILQLDPTSLTGLHALRFLYMDGNCYYKNPCGRALEVAPGALLGLGNLTHLSLKYNNLTTVPRSLPPSLEYLLLSYNHIVTLAPEDLANLTALRVLDVGGNCRRCDHARNPCVECPHKFPQLHSDTFSHLSRLEGLVLKDSSLYQLNPRWFRGLGNLTVLDLSENFLYDCITKTKAFQGLAQLRRLNLSFNYHKKVSFAHLTLAPSFGSLLSLQELDMHGIFFRSLSQKTLQPLARLPMLQRLYLQMNFINQAQLGIFKDFPGLRYIDLSDNRISGAVEPVATTGEVDGGKKVWLTSRDLTPGPLDTPSSEDFMPSCKNLSFTLDLSRNNLVTVQPEMFAQLSRLQCLRLSHNSISQAVNGSQFVPLTSLQVLDLSHNKLDLYHGRSFTELPRLEALDLSYNSQPFSMRGVGHNLSFVAQLPTLRYLSLAHNGIHSRVSQQLCSTSLWALDFSGNSLSQMWAEGDLYLRFFQGLRSLIRLDLSQNRLHTLLPCTLGNLPKSLQLLRLRNNYLAFFNWSSLTLLPNLETLDLAGNQLKALSNGSLPSGTQLQRLDVSRNSIIFVVPGFFALATRLRELNLSANALRTVEPSWFGFLAGSLEVLDVSANPLHCACGAAFVDFLLQVQAAVPGLPSRVKCGSPGQLQGRSIFAQDLRLCLDESLSWDEFLVPR,CCTGGATGGG,-11.61924059
2N8A,MAESSDKLYRVEYAKSGRASCKKCSESIPKDSLRMAIMVQSPMFDGKVPHWYHFSCFWKVGHSIRHPDVEVDGFSELRWDDQQKVKKTAEAGGVTGKGQDGIGSKAEKTLGDFAAEYAKSNRSTCKGCMEKIEKGQVRLSKKMVDPEKPQLGMIDRWYHPGCFVKNREELGFRPEYSASQLKGFSLLATEDKEALKKQLPGVKSEGKRKGDEVD,GCTGGCTTCGTAAGAAGCCAGCTCGCGGTCAGCTTGCTGACCGCG,-9.573469409
5HRT,AEWDEGPPTVLSDSPWTNTSGSCKGRCFELQEVGPPDCRCDNLCKSYSSCCHDFDELCLKTARGWECTKDRCGEVRNEENACHCSEDCLSRGDCCTNYQVVCKGESHWVDDDCEEIRVPECPAGFVRPPLIIFSVDGFRASYMKKGSKVMPNIEKLRSCGTHAPYMRPVYPTKTFPNLYTLATGLYPESHGIVGNSMYDPVFDATFHLRGREKFNHRWWGGQPLWITATKQGVRAGTFFWSVSIPHERRILTILQWLSLPDNERPSVYAFYSEQPDFSGHKYGPFGPEMTNPLREIDKTVGQLMDGLKQLKLHRCVNVIFVGDHGMEDVTCDRTEFLSNYLTNVDDITLVPGTLGRIRPKIPNNLKYDPKAIIANLTCKKPDQHFKPYMKQHLPKRLHYANNRRIEDLHLLVERRWHVARKPLDVYKKPSGKCFFQGDHGFDNKVNSMQTVFVGYGPTFKYRTKVPPFENIELYNVMCDLLGLKPAPNNGTHGSLNHLLRTNTFRPTLPEEVSRPNYPGIMYLQSDFDLGCTCDDKNKLEELNKRLHTKGSTEERHLLYGRPAVLYRTSYDILYHTDFESGYSEIFLMPLWTSYTISKQAEVSSIPEHLTNCVRPDVRVSPGFSQNCLAYKNDKQMSYGFLFPPYLSSSPEAKYDAFLVTNMVPMYPAFKRVWTYFQRVLVKKYASERNGVNVISGPIFDYNYNGLRDIEDEIKQYVEGSSIPVPTHYYSIITSCLDFTQPADKCDGPLSVSSFILPHRPDNDESCNSSEDESKWVEELMKMHTARVRDIEHLTGLDFYRKTSRSYSEILTLKTYLHTYESEISRENLYFQ,CCTGGACGGAACCAGAATACTTTTGGTCTCCAGG,-12.11436103
5T1J,MRGSHHHHHHGSKLRVALSNHLLWSKFNQHQTEMIITKQGRRMFPFLSFTVAGLEPTSHYRMFVDVVLVDQHHWRYQSGKWVQCGKAEGSMPGNRLYVHPDSPNTGAHWMRQEVSFGKLKLTNNKGASNNVTQMIVLQSLHKYQPRLHIVEVNDGEPEAACSASNTHVFTFQETQFIAVTAYQNAEITQLKIDNNPFAKGFREN,AATTTCACACCTAGGTGTGAAATT,-10.52637522
5VC9,GKKKRKRCGVCVPCKRLINCGVCSSCRNRKTGHQICKFRKCEELKKKPG,GCCAACGTTGGC,-9.264823228
5HLG,CNMKQEQMRLANQLCFSAYNVSRLFAQFYEKKLKQFGITYSQYLVLLTLWEENPQTLNSIGRHLDLSSNTLTPMLKRLEQSGWVKRERQQSDKRQLIITLTDNGQQQQEAVFEAISSCLPQEFDTTEYDETKYVFEELEQTLKHLIEK,TAACTCAATCGCGCGCGATTGAGT,-8.873226603
5W9Q,GTNRRQNRKCGACAACLRRMDCGRCDFCCDKPKFGGSNQKRQKCRWRQCLQFAMKRLLPS,GCCAACGTTGGC,-8.4822464
6ASB,GARRRRTRCRRCRACVRTECGDCHFCRDMKKFGGPGRMKQSCLLRQCTAPVLPHTAVCLLCGEAGKEDTVEGEEEKFGLSLMECTICNEIVHPGCLKMGKAEGVINAEIPNCWECPRCTQEGR,GCCAACGTTGGC,-7.939734787
6ASD,GKRKRCGVCEPCQQKTNCGECTYCKNRKNSHQICKKRKCEELKKKPS,GCCACCGGTGGC,-7.661458014
5K07,MSSGKKPVKVKTPAGKEAELVPEKVWALAPKGRKGVKIGLFKDPETGKYFRHKLPDDYPI,GTAATTGC,-6.122304201
5YI2,GMSLANQIDQFLGTIMQFAENKHEILLGKCESDVKLTSTQEHILMLLAEQISTNAKIAEKLKISPAAVTKALKKLQEQELIKSSRATNDERVVLWSLTEKAVPVAKEHATHHEKTLSTYQELGNKFTDEEQEVISKFLSALTEEFQ,TGTTAACTAGTTAACA,-9.737598608
6MG3,HMKHSDEYKIRRERNNIAARKSRDKAKMRNLETQHKVLELTAENERLQKKVEQLSRELSTLRNLFKQLPEPLLASSGH,TATATTGCGCAATATA,-11.44891161
6FWR,MALTAALKAQIAAWYKALQEQIPDFIPRAPQRQMIADVAKTLAGEEGRHLAIEAPTGVGKTLSYLIPGIAIAREEQKTLVVSTANVALQDQIYSKDLPLLKKIIPDLKFTAAFGRGRYVCPRNLTALASTEPTQQDLLAFLDDELTPNNQEEQKRCAKLKGDLDTYKWDGLRDHTDIAIDDDLWRRLSTDKASCLNRNCYYYRECPFFVARREIQEAEVVVANHALVMAAMESEAVLPDPKNLLLVLDEGHHLPDVARDALEMSAEITAPWYRLQLDLFTKLVATCMEQFRPKTIPPLAIPERLNAHCEELYELIASLNNILNLYMPAGQEAEHRFAMGELPDEVLEICQRLAKLTEMLRGLAELFLNDLSEKTGSHDIVRLHRLILQMNRALGMFEAQSKLWRLASLAQSSGAPVTKWATREEREGQLHLWFHCVGIRVSDQLERLLWRSIPHIIVTSATLRSLNSFSRLQEMSGLKEKAGDRFVALDSPFNHCEQGKIVIPRMRVEPSIDNEEQHIAEMAAFFREQVESKKHLGMLVLFASGRAMQRFLDYVTDLRLMLLVQGDQPRYRLVELHRKRVANGERSVLVGLQSFAEGLDLKGDLLSQVHIHKIAFPPIDSPVVITEGEWLKSLNRYPFEVQSLPSASFNLIQQVGRLIRSHGCWGEVVIYDKRLLTKNYGKRLLDALPVFPIEQPEVPEGIVKKKEKTKSPRRRRR,TTTTTTTTTTT,-8.873226603
6CNP,MHHHHHHSSGRENLYFQGATESGKRMDCPALPPGWKKEEVIRKSGLSAGKSDVYYFSPSGKKFRSKPQLARYLGNTVDLSSFDFRTGKMMPSKLQK,GCCACCGGTGGC,-8.390977842
5ZD4,MKIEEGKLVIWINGDKGYNGLAEVGKKFEKDTGIKVTVEHPDKLEEKFPQVAATGDGPDIIFWAHDRFGGYAQSGLLAEITPAAAFQDKLYPFTWDAVRYNGKLIAYPIAVEALSLIYNKDLLPNPPKTWEEIPALDKELKAKGKSALMFNLQEPYFTWPLIAADGGYAFKYAAGKYDIKDVGVDNAGAKAGLTFLVDLIKNKHMNADTDYSIAEAAFNKGETAMTINGPWAWSNIDTSAVNYGVTVLPTFKGQPSKPFVGVLSAGINAASPNKELAKEFLENYLLTDEGLEAVNKDKPLGAVALKSYEEELAKDPRIAATMENAQKGEIMPNIPQMSAFWYAVRTAVINAASGRQTVDAALAAAQTNAARRKPSWRERENNRRRERRRRAVAAKIYTGLRAQGDYNLPKHCDNNEVLKALCVEAGWVVEEDGTTYRKGCKPLPGEIAGTSSR,TTCACACGTGTGAAA,-10.79845221
5ZMO,GSREAPKTFHRRVGDVRPARRAMGPALHRPVLLLWAIGQAVARAPRLQPWSTTRDAVAPLMEKYGQVEDGVDGVRYPFWALVRDDLWCVEQAEELTLTSRGRRPTLESLNAVDPSAGLREDDYNLLRSQPEAAASAAAGLIARYFHLLPAGLLEDFGLHELLAGRWPDALRP,CCGGCCGG,-9.163075216
6BWY,MVIDSLQLNELLNAGEYKIGELTFQSIRSSQELQKKNTIVNLFGIVKDFTPSRQSLHGTKDWVTTVYLWDPTCDTSSIGLQIHLFSKQGNDLPVIKQVGQPLLLHQITLRSYRDRTQGLSKDQFRYALWPDFSSNSKDTLCPQPMPRLMKTGDKEEQFALLLNKIWDEQTNHSMDPPTFTFNFNNEPWVRGRHETYLCYEVERMHNDTWVKLNQRRGFLANQAPHKHGFLEGRHAELCFLDVIPFWKLDLDQDYRVTCFTSWSPCFSCAQEMAKFISKNKHVSLCIKTARIYDDQGRAQEGLRTLAEAGAKISIMTYSEFKHCWDTFVDHQGAPFQPWDGLDEHSQDLSGRLRAILQNQEN,AGAAGACCCAAAGAAGAGGAAGCAGGTTAC,-6.250766835
6CRM,MGSSHHHHHHSSGLVPRGSHMAQAEVYSQETLAKQVLQETFGYQQFRPGQATIIDAVLEGRDCLVVMPTGGGKSLCYQIPALVKTGLTIVVSPLISLMKDQVDQLLANGVAAACLNSTQSREEQQAVLAGCRTGQVRLLYIAPERLMMDNFIDTLGYWDLAMVAVDEAHCISQWGHDFRPEYAALGQLRARFPAVPFMALTATADDTTRRDIVRLLGLDDPLIEISSFDRPNIRYMLMEKFKPLDQLMRYVQEQRGKSGIIYCNSRAKVEDTAARLQSRGISAAAYHAGLEHEVRASVQEKFQRDDLQIVVATVAFGMGINKPNVRFVVHFDIPRNIESYYQETGRAGRDGLPAEAMLFYDPADMAWLRRCLEEKAPGPLQDIERHKLNAMGAFAEAQTCRRLVLLNYFGEGRQAPCGNCDICLDPPRRYDGLVDAQKALSAIARVEQRFGMGYVVEVLRGANNQRIRELGHDKLKVYGIGRDQSQEHWVSVIRQLIHLGVVTQNIAQHSALQLTEAARPFLRGEAPLMLAVPRVAALKPR,TTAGGGTTAGGGTTAGGGTTAGGGTCGGTGCCTTACT,-7.26352899
6CC8,GSMERKRWECPALPQGWEREEVPRRSGLSAGHRDVFYYSPSGKKFRSKPQLARYLGGSMDLSTFDFRTGKMLM,GCCAACGTTGGC,-7.181327587
6BUX,GPLGSEILRHSMDPATFTFNFNNEPWVRGRHETYLCYEVERMHNDTWVKLAQRRGFLANQAKHKHGFLEGRHAALCFLDVIPFWKLDLDQDYRVTCFTSWSPCFSCAQEMAKFISKNKHVSLCIKTARIYDDKGRAAEGLRTLAEAGAKISIMTYSEFKHCWDTFVDHQGAPFQPWDGLDEHSQDLSGRLRAILQNQEN,AATCCCAAA,-5.807163545
6A2I,MSSGKKPVKVKTPAGKEAELVPEKVWALAPKGRKGVKIGLFKDPETGKYFRHKLPDDYPI,CGTAGCTAATTAGCTACG,-8.70051503
5ZKI,MGSSHHHHHHSSGLVPRGSHMQGAEGALTGKQPDGSAEKAVLEQFGFPLTGTEARCYTNHALSYDQAKRVPRWVLEHISKSKIMGDADRKHCKFKPDPNIPPTFSAFNEDYVGSGWSRGAMAPAGNNKFSSKAMAETFYLSNIVPQDFDNNSGYWNRIEMYCRELTERFEDVWVVSGPLTLPQTRGDGKKIVSYQVIGEDNVAVPSHLYKVILARRSSVSTEPLALGAFVVPNEAIGFQPQLTEFQVSLQDLEKLSGLVFFPHLDRTSDIRNICSVDTCKLLDFQEFTLYLSTRKIEGARSVLRLEKIMENLKNAEIEPDDYFMSRYEKKLEELKAKEQSGTQIRKPS,CGGGATATCCCG,-8.01542156
6KBS,CGRFAQSQTREDYLALLAEDIERDIPYDPEPIGRYNVAPGTKVLLLSERDEHLHLDPVFWGYAPGWWDKPPLINARVETAATSRMFKPLWQHGRAICFADGWFEWKKEGDKKQPFFIYRADGQPIFMAAIGSTPFERGDEAEGFLIVTAAADQGLVDIHDRRPLVLSPEAAREWMRQEISGKEASEIAASGCVPANQFSWHPVSRAVGNVKNQGAELIQPVLEVLFQ,CGGTCGATTC,-7.712975159
5ZKL,MKKMAEFTFEIEEHLLTLSENEKGWTKEINRVSFNGAPAKFDIRAWSPDHTKMGKGITLSNEEFQTMVDAFKGNLEHHHHHH,TTTTTTTTTTTT,-10.47850482
5ZMD,EFYQQWQLKYPKLILREASSVSEELHKEVQEAFLTLHKHGCLFRDLVRIKGKDLLTPVSRILIGNPGCTYKYLNTRLFTVPWPVKGSNIKHTEAEIAAACETFLKLNDYLQIETIQALEELAAKEKANEDAVPLCMSADFPRVGMGSSYNGQDEVDIKSRAAYNVTLLNFMDPQKMPYLKEEPYFGMGKMAVSWHHDENLVDRSAVAVYSYSCEGPEEESEDDSHLEGRDPDIWHVGFKISWDIETPGLAIPLHQGDCYFMLDDLNATHKHCVLAGSQPRFSSTHRVAECSTGTLDYILQRCQLALQNVCDDVDNDDVSLKSFEPAVLKQGEEIHNEVEFEWLRQFWFQGNRYRKCTDWWCQPMAQLEALWKKMEGVTNAVLHEVKREGLPVEQRNEILTAILASLTARQNLRREWHARCQSRIARTLPADQKPECRPYWEKDDASMPLPFDLTDIVSELRGQ,TCTATATCG,-7.406772955
6ON0,MKPEELVRHFGDVEKAAVGVGVTPGAVYQWLQAGEIPPLRQSDIEVRTAYKLKSDFTSQRMGKEGHNSGTK,TTTATAGCTAGCTATAA,-9.605481187
