PDBID,Protein,RNA,Label
2A9X,RVRTRGKRRIRVPP,GGCUCGUGUAGCUCAUUAGCUCCGAGCC,-9.303034787
3BX3,SRFADAVLDQYIGSIHSLCKDQHGCRFLQKQLDILGSKAADAIFEETKDYTVELMTDSFGNYLIQKLLEEVTTEQRIVLTKISSPHFVEISLNPHGCRALQKLIECIKTDEEAQIVVDSLRPYTVQLSKDLNGNHVIQKCLQRLKPENFQFIFDAISDSCIDIATHRHGCRVLQRCLDHGTTEQCDNLCDKLLALVDKLTLDPFGNYVVQYIITKEAEKNKYDYTHKIVHLLKPRAIELSIHKFGSNVIEKILKTAIVSEPMILEILNNGGETGIQSLLNDSYGNYVLQTALDISHKQNDYLYKRLSEIVAPLLVGPIRNTPHGKRIIGMLHLDS,UGUAUAUA,-9.873841994
3IRW,MAVPETRPNHTIYINNLNEKIKKDELKKSLHAIFSRFGQILDILVSRSLKMRGQAFVIFKEVSSATNALRSMQGFPFYDKPMRIQYAKTDSDIIAKMK,GGUCACGCACAGGGCAAACCAUUCGAAAGAGUGGGACGCAAAGCCUCCGGCCUAAACCAUUGCACUCCGGUAGGUAGCGGGGUUACCGAUGG,-14.9963
3IWN,TRPNHTIYINNLNEKIKKDELKKSLHAIFSRFGQILDILVSRSLKMRGQAFVIFKEVSSATNALRSMQGFPFYDKPMRIQYAKTDSDIIAK,CACGCACAGGGCAAACCAUUCGAAAGAGUGGGACGCAAAGCCUCCGGCCUAAACGGCAUUGCACUCCGCCGUAGGUAGCGGGGUUACCGAUGG,-12.2697
3K0J,AVPETRPNHTIYINNLNEKIKKDELKKSLHAIFSRFGQILDILVSRSLKMRGQAFVIFKEVSSATNALRSMQGFPFYDKPMRIQYAKTDSDIIAKM,GCGACUCGGGGUGCCCUCCAUUGCACUCCGGAGGCUGAGAAAUACCCGUAUCACCUGAUCUGGAUAAUGCCAGCGUAGGGAAGUCGC,-10.99226594
3QGB,GSNNVLPTWSLDSNGEMRSRLSLSEVLDSGDLMKFAVDKTGCQFLEKAVKGSLTSYQKFQLFEQVIGRKDDFLKLSTNIFGNYLVQSVIGISLATNDDGYTKRQEKLKNFISSQMTDMCLDKFACYVIQSSLQNMDLSLACKLVQALPRDARLIAICVDQNANHVIQKVVAVIPLKNWEFIVDFVATPEHLRQICSDKYGCRVVQTIIEKLTADSMNVDLTSAAQNLRERALQRLMTSVTNRCQELATNEYANYIIQHIVSNDDLAVYRECIIEKCLMRNLLSLSQEKFASHVVEKAFLHAPLELLAEMMDEIFDGYIPHPDTGKDALDIMMFHQFGNYVVQCMLTICCDAVSGRRQTKEGGYDHAISFQDWLKKLHSRVTKERHRLSRFSSGKKMIETLANLRSTHPIYELQ,UGUGCCAUA,-11.52797204
2XS2,SLPEGKIMPNTVFVGGIDVRMDETEIRSFFARYGSVKEVKIITDRTGVSKGYGFVSFYNDVDVQKIVESQINFHGKKLKLGPAIRKQNLSTYHVQPRPLIFN,UUGUUCUU,-10.11287302
3QGC,GSNNVLPTWSLDSNGEMRSRLSLSEVLDSGDLMKFAVDKTGCQFLEKAVKGSLTSYQKFQLFEQVIGRKDDFLKLSTNIFGNYLVQSVIGISLATNDDGYTKRQEKLKNFISSQMTDMCLDKFACYVIQSSLQNMDLSLACKLVQALPRDARLIAICVDQNANHVIQKVVAVIPLKNWEFIVDFVATPEHLRQICSDKYGCRVVQTIIEKLTADSMNVDLTSAAQNLRERALQRLMTSVTNRCQELATNEYANYIIQHIVSNDDLAVYRECIIEKCLMRNLLSLSQEKFASHVVEKAFLHAPLELLAEMMDEIFDGYIPHPDTGKDALDIMMFHQFGNYVVQCMLTICCDAVSGRRQTKEGGYDHAISFQDWLKKLHSRVTKERHRLSRFSSGKKMIETLANLRSTHPIYELQ,UGUGCCUUA,-10.98208677
4GHA,MAHHHHHHVDDDDKENLYFQSKPNLSAKDLALLLFTHLPGNNTPFHILAQVLSKIAYKSGKSGAFLDAFHQILSEGENAQAALTRLSRTFDAFLGVVPPVIRVKNFQTVPRPCQKSLRAVPPNPTIDKGWVCVYSSEQGETRALKI,CUAGACGUCUAG,-8.590194193
3V6Y,GSNNVLPTWSLDSNGEMRSRLSLSEVLDSGDLMKFAVDKTGCQFLEKAVKGSLTSYQKFQLFEQVIGRKDDFLKLSTNIFGNYLVQSVIGISLATNDDGYTKRQEKLKNFISSQMTDMCLDKFACRVIQSSLQNMDLSLACKLVQALPRDARLIAICVDQNANHVIQKVVAVIPLKNWEFIVDFVATPEHLRQICSDKYGCRVVQTIIEKLTADSMNVDLTSAAQNLRERALQRLMTSVTNRCQELATNEYANYIIQHIVSNDDLAVYRECIIEKCLMRNLLSLSQEKFASHVVEKAFLHAPLELLAEMMDEIFDGYIPHPDTGKDALDIMMFHQFGNYVVQCMLTICCDAVSGRRQTKEGGYDHAISFQDWLKKLHSRVTKERHRLSRFSSGKKMIETLANLRSTHPIYELQ,UACUGUGCCAUAC,-11.46390162
2LUP,GSLDMNAKRQLYSLIGYASLRLHYVTVKKPTAVDPNSIVECRVGDGTVLGTGVGRNIKIAGIRAAENALRDKKMLDFYAKQRAAIPRSES,GGGAUACCAUGUUCAGAAGAACGUGGUAUCUC,-6.090195955
4M59,HSFLSPDAQVLVLAISSHPLPTLAAFLASRRDELLRADITSLLKALELSGHWEWALALLRWAGKEGAADASALEMVVRALGREGQHDAVCALLDETPLPPGSRLDVRAYTTVLHALSRAGRYERALELFAELRRQGVAPTLVTYNVVLDVYGRMGRSWPRIVALLDEMRAAGVEPDGFTASTVIAACSRDGLVDEAVAFFEDLKARGHAPSVVTYNALLQVFGKAGNYTEALRVLGEMEQNGCQPDAVTYNELAGTYARAGFFEEAARCLDTMASKGLLPNAFTYNTVMTAYGNVGKVDEALALFDQMKKTGFVPNVNTYNLVLGMLGKKSRFTVMLEMLGEMSRSGCTPNRVTWNTMLAVSGKRGMEDYVTRVLEGMRSSGVELSRDTYNTLIAAYGRCGSRTNAFKMYNEMTSAGFTPCITTYNALLNVLSRQGDWSTAQSIVSKMRTKGFKPNEQSYSLLLQCYAKGGNVAGIAAIENEVYGSGAVFPSWVILRTLVIANFKCRRLDGMETAFQEVKARGYNPDLVIFNSMLSIYAKNGMYSKATEVFDSIKRSGLSPDLITYNSLMDMYAKCSESWEAEKILNQLKCSQTMKPDVVSYNTVINGFCKQGLVKEAQRVLSEMVADGMAPCAVTYHTLVGGYSSLEMFSEAREVIGYMVQHGLKPMELTYRRVVESYCRAKRFEEARGFLSEVSETDLDFDKKALEAYIEDAQFGR,GUAUUCUUUAAUUAUUUC,-9.531375386
2MTV,QTSKLKSVLQDARFFLIKSNNHENVSLAKAKGVWSTLPVNEKKLNLAFRSARSVILIFSVRESGKFQGFARLSSESHHGGSPIHWVLPAGMSAKMLGGVFKIDWICRRELPFTKSAHLTNPWNEHKPVKIGRDGQEIELECGTQLCLLFPPDESID,UGACAC,-9.525599012
4RCM,GSAAIIPPWLNIPENSRFFVIKSSSLKHVKRSFYNGIWSSTHFGNKRLSEAYKKLNSGAKVFLFFSINTSGRFCGVAEMVSDLKMDLDTSIWEDEQKYGKAFKVRWVIVRDINNRSLKRFLIPSNEMKPITHSRDTQEIPYSIGISIINLFKTQDSDIFSFLDETYE,UGACU,-6.349675159
5EIM,NEKGERISMINPRVVLDENGISHRSRYFIMLCDNETAIAHAKKTSIWAVKKDSSKRISDAYKKASVYFIFVAQQTYNALGYAQVVSDLNSTELPFWSDSSHAGGVRIKWIKTCNLFSAEISEIVSHMDHGSEARDGMEMMYDEGSRLCTLINYAIMKRIGRDR,AUUAAACA,-8.123369352
5GXH,MHHHHHHSSGRENLYFQGMGQEPRTLPPSPNWYCARCSDAVPGGLFGFAARTSVFLVRVGPGAGESPGTPPFRVIGELVGHTERVSGFTFSHHPGQYNLCATSSDDGTVKIWDVETKTVVTEHALHQHTISTLHWSPRVKDLIVSGDEKGVVFCYWFNRNDSQHLFIEPRTIFCLTCSPHHEDLVAIGYKDGIVVIIDISKKGEVIHRLRGHDDEIHSIAWCPLPGEDCLSINQEETSEEAEITNGNAVAQAPVTKGCYLATGSKDQTIRIWSCSRGRGVMILKLPFLKRRGGGIDPTVKERLWLTLHWPSNQPTQLVSSCFGGELLQWDLTQSWRRKYTLFSASSEGQNHSRIVFNLCPLQTEDDKQLLLSTSMDRDVKCWDIATLECSWTLPSLGGFAYSLAFSSVDIGSLAIGVGDGMIRVWNTLSIKNNYDVKNFWQGVKSKVTALCWHPTKEGCLAFGTDDGKVGLYDTYSNKPPQISSTYHKKTVYTLAWGPPVPPMSLGGEGDRPSLALYSCGGEGIVLQHNPWKLSGEAFDINKLIRDTNSIKYKLPVHTEISWKADGKIMALGNEDGSIEIFQIPNLKLICTIQQHHKLVNTISWHHEHGSQPELSYLMASGSNNAVIYVHNLKTVIESSPESPVTITEPYRTLSGHTAKITSVAWSPHHDGRLVSASYDGTAQVWDALREEPLCNFRGHQGRLLCVAWSPLDPDCIYSGADDFCVHKWLTSMQDHSRPPQGKKSIELEKKRLSQPKA,AAUUUUUG,-7.661458014
5KLA,SGRSRLLEDFRNQRYPNLQLRDLANHIVEFSQDQHGSRFIQQKLERATAAEKQMVFSEILAAAYSLMTDVFGNYVIQKFFEFGTPEQKNTLGMQVKGHVLQLALQMYGCRVIQKALESISPEQQQEIVHELDGHVLKCVKDQNGNHVVQKCIECVDPVALQFIINAFKGQVYSLSTHPYGCRVIQRILEHCTAEQTTPILDELHEHTEQLIQDQYGNYVIQHVLEHGKQEDKSILINSVRGKVLVLSQHKFASNVVEKCVTHATRGERTGLIDEVCTFNDNALHVMMKDQYANYVVQKMIDVSEPTQLKKLMTKIRPHMAALRKYTYGKHINAKLEK,UGUACAUA,-10.33387433
5EN1,RKKREKEQFRKLFIGGLSFETTEESLRNYYEQWGKLTDCVVMRDPASKRSRGFGFVTFSSMAEVDAAMAARPHSIDGRVVEPKRAVAREESGKPGAHVTVKKLFVGGIKEDTEEHHLRDYFEEYGKIDTIEIITDRQSGKKRGFGFVTFDDHDPVDKIVLQKYHTINGHNAEVRKALSRQEMQE,AGGACUG,-8.941579765
5F5H,EEEGRIRAMRAARSLGERTVTELILQHQNPQQLSSNLWAAVRARGCQFLGPAMQEEALKLVLLALEDGSALSRKVLVLFVVQRLEPRFPQASKTSIGHVVQLLYRASCFKVTKRDEDSSLMQLKEEFRTYEALRREHDSQIVQIAMEAGLRIAPDQWSSLLYGDQSHKSHMQSIIDKLQT,UCCACACCGUUCUAGGUGCUGG,-9.667862374
5WZK,MGHHHHHHMRKEIDPETSKYFSEIANLFDSNEVELEERSVICGNALEETRGREYEIATDYIISHVLQTLLEGCELDQLCSFIRNSASVFPAIAMDRSGSHVAESALKSLATHLENPDAYSVIEEALHSICKVIVDNPLDMMCNCYGSHVLRRLLCLCKGVPHQGFPGMLTYLLSGLLSCSREDMKYLQVDQYSSLVLQTALRLMLKQDEQLLEIIPLILRCNSTNKKVEGFHIETNVAKEILESMKDNSFSHLVEVILEVAPESLYNEMFNKVFKNSLFELSVDRCANFVIQALISHARDQEQMGIMWEELAPRFKDLLEQGKSGVVASLIAVSQRLQSHENKCCEALVGAVCSTNESRISILPRLLFLDYYFGCRDKSTWEWAPGAKMHVMGCLILQGIFKFSSDHIQPYITSLTSMKAEYITETAKDSSGARVIEAFLASDAATKQKRRLIIKLRGHFGELSLHTSGSFTVEKCFDACNLTLREAIASELLDVKVDLSKTKQGPYLLRKLDIDGYASRPDQWKSRQEAKQSTYNEFCSAFGSNK,GGAAUUGACGG,-9.264823228
5HO4,REKEQFRKLFIGGLSFETTEESLRNYYEQWGKLTDCVVMRDPASKRSRGFGFVTFSSMAEVDAAMAARPHSIDGRVVEPKRAVAREESGKPGAHVTVKKLFVGGIKEDTEEHHLRDYFEEYGKIDTIEIITDRQSGKKRGFGFVTFDDHDPVDKIVLQKYHTINGHNAEVRKALSRQEM,AAGGACUAGC,-9.461897192
5U9B,MAVSVTPIRDTKWLTLEVCREFQRGTCSRPDTECKFAHPSKSCQVENGRVIACFDSLKGRCSRENCKYLHPPPHLKTQLEINGRNNLIQQKN,GUCUCGCUUUUCCCC,-9.387761028
5WZJ,MGSSHHHHHHMRKEIDPETSKYFSEIANLFDSNEVELEERSVICGNALEETRGREYEIATDYIISHVLQTLLEGCELDQLCSFIRNSASVFPAIAMDRSGSHVAESALKSLATHLENPDAYSVIEEALHSICKVIVDNPLDMMCNCYGSHVLRRLLCLCKGVSLDSPELYGAKSSKALAKRLNLKMSQLDDNNLEIPHQGFPGMLTYLLSGLLSCSREDMKYLQVDQYSSLVLQTALRLMLKQDEQLLEIIPLILRCNSTNKKVEGFHIETNVAKEILESMKDNSFSHLVEVILEVAPESLYNEMFNKVFKNSLFELSVDRCANFVIQALISHARDQEQMGIMWEELAPRFKDLLEQGKSGVVASLIAVSQRLQSHENKCCEALVGAVCSTNESRISILPRLLFLDYYFGCRDKSTWEWAPGAKMHVMGCLILQGIFKFSSDHIQPYITSLTSMKAEYITETAKDSSGARVIEAFLASDAATKQKRRLIIKLRGHFGELSLHTSGSFTVEKCFDACNLTLREAIASELLDVKVDLSKTKQGPYLLRKLDIDGYASRPDQWKSRQEAKQSTYNEFCSAFGSNK,GGAUUUGACGG,-10.75106103
5TF6,MLTRNRELTTVLVKNLPKSYNQNKVYKYFKHCGPIIHVDVADSLKKNFRFARIEFARYDGALAAITKTHKVVGQNEIIVSHLTECTLWMTNFPPSYTQRNIRDLLQDINVVALSIRLPSLRFNTSRRFAYIDVTSKEDARYCVEKLNGLKIEGYTLVTKVSNPLEKSKRTDSATLEGREIMIRNLSTELLDENLLRESFEGFGSIEKINIPAGQKEHSFNNCCAFMVFENKDSAERALQMNRSLLGNREISVSLADKKPFLERNEVKRLLASRNSKELETLICLFPLSDKVSPSLICQFLQEEIHINEKDIRKILLVSDFNGAIIIFRDSKFAAKMLMILNGSQFQGKVIRSGTINDMKRYYNNQQNHHHHHHH,GGUCAAUUUGAAACAAUACAGAGAUGAUCAGCAGUUCCCCUGCAUAAGGAUGAACCGUUUUACAAAGAGACC,-11.63931281
5SZE,GSHMPYKLQESFLNTARKKRVKVSVYLVNGVRLQGRIRSFDLFTILLEDGKQQTLVYKHAITTIVPHERLEIEFEEAGVPGQG,UUUUUU,-10.45872009
5WZG,MGSSHHHHHHMRKEIDPETSKYFSEIANLFDSNEVELEERSVICGNALEETRGREYEIATDYIISHVLQTLLEGCELDQLCSFIRNSASVFPAIAMDRSGSHVAESALKSLATHLENPDAYSVIEEALHSICKVIVDNPLDMMCNCYGSHVLRRLLCLCKGVSLDSPELYGAKSSKALAKRLNLKMSQLDDNNLEIPHQGFPGMLTYLLSGLLSCSREDMKYLQVDQYSSLVLQTALRLMLKQDEQLLEIIPLILRCNSTNKKVEGFHIETNVAKEILESMKDNSFSHLVEVILEVAPESLYNEMFNKVFKNSLFELSVDRCANFVIQALISHARDQEQMGIMWEELAPRFKDLLEQGKSGVVASLIAVSQRLQSHENKCCEALVGAVCSTNESRISILPRLLFLDYYFGCRDKSTWEWAPGAKMHVMGCLILQGIFKFSSDHIQPYITSLTSMKAEYITETAKDSSGARVIEAFLASDAATKQKRRLIIKLRGHFGELSLHTSGSFTVEKCFDACNLTLREAIASELLDVKVDLSKTKQGPYLLRKLDIDGYASRPDQWKSRQEAKQSTYNEFCSAFGSNK,GAAUUGACGG,-10.21772903
5M8I,MGSSHHHHHHSSGLVPRGSHMQKEGPEGANLFIYHLPQEFGDQDILQMFMPFGNVISAKVFIDKQTNLSKCFGFVSYDNPVSAQAAIQAMNGFQIGMKRLKVQLKRSKNDSKPW,UUUAA,-5.73623241
5UDZ,AADEPQLLHGAGICKWFNVRMGFGFLSMTARAGVALDPPVDVFVHQSKLHMEGFRSLKEGEAVEFTFKKSAKGLESIRVTGPGGVFCIGSERRPKGGDRCYNCGGLDHHAKECKLPPQPKKCHFCQSISHMVASCPLKAQQGPSAQGK,GGGGUAGUGAUUUUACCCUGGAGAU,-9.592468055
5YTV,GSGDKKVIATKVLGTVKWFNVRNGYGFINRNDTKEDVFVHQTAIKKNNPRKYLRSVGDGETVEFDVVEGEKGAEAANVTGPGG,UCAUCU,-8.042964836
6FQ3,MAHHHHHHSSGLEVLFQGPSSGAFATASKAHGEGIKRALQGKPASFTVVGYDHDGEPRLSGGDSVSVVLMSPDGNLSSAEVSDHQDGTYTVSYLPKGEGEHLLSVLICNQHIEGSPFKVMVKSGRSYGGVGLPMASFGGEGDGDGQLCRPWGICVDKEGYVVVADRSNNRVQIFKPCGTFHHKFGTLGSRPGQFDRPAGVACDSQRRIIVADKDNHRIQIFTFDGQFLLKFGEKGTKNGQFNYPWDVAVNFEGKILVSDTRNHRVQLFGPDGTFLNKYGFEGALWKHFDSPRGVAFNQEGHLVVTDFNNHRLLVIRPDCQSARFLGSEGTGNGQFLRPQGVAVDQEDRIIVADSRNHRIQVFEPNGNFLCKFGTHGNGFGQMDRPSGIAVTPDGVIVAVDFGNNRILMF,GGAGUCCAACUCC,-8.014525157
5YTX,GSGDKKVIATKVLGTVKWFNVRNGYGFINRNDTKEDVFVHQTAIKKNNPRKYLRSVGDGETVEFDVVEGEKGAEAANVTGPGG,UCAACU,-8.006518028
5YKI,MGSSHHHHHHSQDLEVLFQGPHMGRSRLLEDFRNNRYPNLQLREIAGHIMEFSQDQHGSRFIQLKLERATPAERQLVFNEILQAAYQLMVDVFGNYVIQKFFEFGSLEQKLALAERIRGHVLSLALQMYGCRVIQKALEFIPSDQQNEMVRELHQHTEQLVQDQYGNYVIQHVLEHGRPEDKSKIVAEIRGNVLVLSQHKFASNVVEKCVTHASRTERAVLIDEVCTMNDGPHSALYTMMKDQYANYVVQKMIDVAEPGQRKIVMHELHQHTEQLVQDQYGNYVIQHVLEHGRPEDKSKIVAEIRGNVLVLSQHKFASNVVEKCVTHASRTERAVLIDEVCTMNDGPHSALYTMMKDQYANYVVQKMIDVAEPGQRKIVMHKIRPHIATLRKYTYGKHILAKLEKYYMKNGVDLG,UGUUGUAUA,-12.02963479
6DCL,GAMGSKSESPKEPEQLRKLFIGGLSFETTDESLRSHFEQWGTLTDCVVMRDPNTKRSRGFGFVTYATVEEVDAAMNARPHKVDGRVVEPKRAVSREDSQRPGAHLTVKKIFVGGIKEDTEEHHLRDYFEQYGKIEVIEIMTDRGSGKKRGFAFVTFDDHDSVDKIVIQKYHTVNGHNCEVRKALSKQEMAS,AGUAGAUUAGCA,-10.6469208
6GD3,GAMGWCIFIYNLGQDADEGILWQMFGPFGAVTNVKVIRDFNTNKCKGFGFVTMTNYEEAAMAIASLNGYRLGDKILQVSFKTNKSHK,UAUUUA,-5.190672791
6G2K,MGWCIFIYNLGQDADEGILWQMFGPFGAVTNVKVIRDFNTNKCKGFGFVTMTNYEEAAMAIASLNGYRLGDKILQVSFKTNKSHK,UUUUUU,-6.427199721
6CMN,MGSSHHHHHHSSGENLYFQGHMAVPETRPNHTIYINNLNSKIKKDELKKSLHAIFSRFGQILDILVPRQRTPRGQAFVIFKEVSSATNALRSMQGFPFYDKPMAIQYAKTDKRIPAKMK,GCAGAUCUGAGCCUGGGAGCUCUCUGC,-11.72718839
5YTS,GSGDKKVIATKVLGTVKWFNVRNGYGFINRNDTKEDVFVHQTAIKKNNPRKYLRSVGDGETVEFDVVEGEKGAEAANVTGPGG,UCUUCU,-7.576567331
5WWG,RKKREKEQFRKLFIGGLSFETTEESLRNYYEQWGKLTDCVVMRDPASKRSRGFGFVTFSSMAEVDAAMAARPHSIDGRVVEPKRAVAREESGKPGAHVTVKKLFVGGIKEDTEEHHLRDYFEEYGKIDTIEIITDRQSGKKRGFGFVTFDDHDPVDKIVLQKYHTINGHNAEVRKALSRQEMQE,AAGGACUUGC,-9.076813653
5WWF,RKKREKEQFRKLFIGGLSFETTEESLRNYYEQWGKLTDCVVMRDPASKRSRGFGFVTFSSMAEVDAAMAARPHSIDGRVVEPKRAVAREESGKPGAHVTVKKLFVGGIKEDTEEHHLRDYFEEYGKIDTIEIITDRQSGKKRGFGFVTFDDHDPVDKIVLQKYHTINGHNAEVRKALSRQEMQE,AAGGACGAGC,-9.029463916
5YTT,GSGDKKVIATKVLGTVKWFNVRNGYGFINRNDTKEDVFVHQTAIKKNNPRKYLRSVGDGETVEFDVVEGEKGAEAANVTGPGG,UCAUGUU,-7.394073837
6FQR,GGSMNKLYIGNLSENAAPSDLESIFKDAKIPVSGPFLVKTGYAFVDCPDESWALKAIEALSGKIELHGKPIEVEHSVPKRQRIRKLQIRNIPPHLQWEVLDSLLVQYGVVESCEQVNTDSETAVVNVTYSSKDQARQALDKLNGFQLENFTLKVAYIPDEMAAQHHHHHH,CCCC,-6.073082808
6GX6,GGSMNKLYIGNLSENAAPSDLESIFKDAKIPVSGPFLVKTGYAFVDCPDESWALKAIEALSGKIELHGKPIEVEHSVPKRQRIRKLQIRNIPPHLQWEVLDSLLVQYGVVESCEQVNTDSETAVVNVTYSSKDQARQALDKLNGFQLENFTLKVAYIPDEMAAQHHHHHH,ACAC,-7.26352899
5WWE,RKKREKEQFRKLFIGGLSFETTEESLRNYYEQWGKLTDCVVMRDPASKRSRGFGFVTFSSMAEVDAAMAARPHSIDGRVVEPKRAVAREESGKPGAHVTVKKLFVGGIKEDTEEHHLRDYFEEYGKIDTIEIITDRQSGKKRGFGFVTFDDHDPVDKIVLQKYHTINGHNAEVRKALSRQEMQE,AGGGACUAGC,-8.550356666
6GC5,GAMGSSGWCIFIYNLGQDADEGILWQMFGPFGAVTNVKVIRDFNTNKCKGFGFVTMTNYEEAAMAIASLNGYRLGDKILQVSFKTNKSHK,AUUUUUAUUUU,-8.434855221
6RT6,GTSKLKYVLQDARFFLIKSNNHENVSLAKAKGVWSTLPVNEKKLNLAFRSARSVILIFSVRESGKFQGFARLSSESHHGGSPIHWVLPAGMSAKMLGGVFKIDWICRRELPFTKSAHLTNPWNEHKPVKIGRDGQEIELECGTQLCLLFPPDESIDLYQVIHKMRH,GGAC,-6.754711183
6NOF,GSNNVLPTWSLDSNGEMRSRLSLSEVLDSGDLMKFAVDKTGCQFLEKAVKGSLTSYQKFQLFEQVIGRKDDFLKLSTNIFGNYLVQSVIGISLATNDDGYTKRQEKLKNFISSQMTDMCLDKFACRVIQSSLQNMDLSLACKLVQALPRDARLIAICVDQNANHVIQKVVAVIPLKNWEFIVDFVATPEHLRQICSDKYGAYVVSTIIEKLTADSMNVDLTSAAQNLRERALQRLMTSVTNRCQELATNEYANYIIQHIVSNDDLAVYRECIIEKCLMRNLLSLSQEKFASHVVEKAFLHAPLELLAEMMDEIFDGYIPHPDTGKDALDIMMFHQFGNYVVQCMLTICCDAVSGRRQTKEGGYDHAISFQDWLKKLHSRVTKERHRLSRFSSGKKMIETLANLRSTHPIYELQ,UGUAAAUA,-10.61712464
6R7B,MKCLFYIAGDVSNYSIVNYELNGQTQNTFFAAHALYNLFKPDKVIALIPDSLVKDNVSDEECYKNLVINRAKELNFAGMEEFMNKVEIRKIPNVGIASAIQCENGAPKKEKNKEGREVLKRLPYNEKRSPIFIFNAIYAIFKDEACDEYLVDLTHGTNVLVSIGMNVGALFNAKFYSAPVMGMPGKDSIVNIVELTDVVQATNDSLMIRSSIENLDERYFKDYSAKLSRLNPTIFEEEEKKVLTRVKGTDVNVVINFLWNIRNGFTVNAVKSMNELKNIINQLEEDLEKLKSFYKNWEEHKNFQGETLLVLSDLDSTLKVKDLLIEGNDLEKLNYLLDLYIKASIYDKALSLARELPVAICLNKVGGGMFDDKNEKYKHCNEIVTSYLRLRYSGLMEFRNTLMHGGLSTDMKPNVDKDGNITPGKIVTKNKIEDFVKRELRNYFDKIVNFLSSA,AAAA,-10.55838699
6NOC,GSNNVLPTWSLDSNGEMRSRLSLSEVLDSGDLMKFAVDKTGCQFLEKAVKGSLTSYQKFQLFEQVIGRKDDFLKLSTNIFGNYLVQSVIGISLATNDDGYTKRQEKLKNFISSQMTDMCLDKFACRVIQSSLQNMDLSLACKLVQALPRDARLIAICVDQNANHVIQKVVAVIPLKNWEFIVDFVATPEHLRQICSDKYGAYVVQTIIEKLTADSMNVDLTSAAQNLRERALQRLMTSVTNRCQELATNEYANYIIQHIVSNDDLAVYRECIIEKCLMRNLLSLSQEKFASHVVEKAFLHAPLELLAEMMDEIFDGYIPHPDTGKDALDIMMFHQFGNYVVQCMLTICCDAVSGRRQTKEGGYDHAISFQDWLKKLHSRVTKERHRLSRFSSGKKMIETLANLRSTHPIYELQ,UGUAAAUA,-10.49011448
6NOH,GSNNVLPTWSLDSNGEMRSRLSLSEVLDSGDLMKFAVDKTGCQFLEKAVKGSLTSYQKFQLFEQVIGRKDDFLKLSTNIFGNYLVQSVIGISLATNDDGYTKRQEKLKNFISSQMTDMCLDKFACRVIQSSLQNMDLSLACKLVQALPRDARLIAICVDQNANHVIQKVVAVIPLKNWEFIVDFVATPEHLRQICSDKYGSYVVSTIIEKLTADSMNVDLTSAAQNLRERALQRLMTSVTNRCQELATNEYANYIIQHIVSNDDLAVYRECIIEKCLMRNLLSLSQEKFASHVVEKAFLHAPLELLAEMMDEIFDGYIPHPDTGKDALDIMMFHQFGNYVVQCMLTICCDAVSGRRQTKEGGYDHAISFQDWLKKLHSRVTKERHRLSRFSSGKKMIETLANLRSTHPIYELQ,UGUAAAUA,-10.42102995
6A6J,GDKKVIATKVLGTVKWFNVRNGYGFINRNDTKEDVFVHQTAIKKNNPRKYLRSVGDGETVEFDVVEGEKGAEAANVTGPGGVPVQGSKYAADR,UCAUCU,-9.06825598
6NOD,GTTTDDLLTRYRANPAMMKNLKLSDIRGALLKFAKDQVGSRFIQQELASSKDRFEKDSIFDEVVSNADELVDDIFGNYVVQKFFEYGEERHWARLVDAIIDRVPEYAFQMYACRVLQKALEKINEPLQIKILSQIRHVIHRCMKDQNGNHVVQKAIEKVSPQYVQFIVDTLLESSNTIYEMSVDPYGCRVVQRCLEHCSPSQTKPVIGQIHKRFDEIANNQYGNYVVQHVIEHGSEEDRMVIVTRVSNNLFEFATHKYSSNVIEKCLEQGAVYHKSMIVGAACHHQEGSVPIVVQMMKDQYANYVVQKMFDQVTSEQRRELILTVRPHIPVLRQFPHGKHILAKLEKYFQKPAVMS,UGUAUAUA,-10.28011022
6G99,GPLGSGQQRAGDWKCPNPTCENMNFSWRNECNQCKAPKPDG,UGGUG,-6.175991646
6RT7,GTSKLKYVLQDARFFLIKSNNHENVSLAKAKGVWSTLPVNEKKLNLAFRSARSVILIFSVRESGKFQGFARLSSESHHGGSPIHWVLPAGMSAKMLGGVFKIDWICRRELPFTKSAHLTNPWNEHKPVKIGRDGQEIELECGTQLCLLFPPDESIDLYQVIHKMRH,GACU,-7.40517059
6U9X,GSHMDDALRGELASALDTEGHALPFDVHLQQPHSSGDGTAGDTSTIQLEKLSHPPARFDLLTNSFVYKWQTKAALARKVSGPMREWAAELKYRTGVHIELEPTYPERLSENAVKGSGSDDGDGTQWGAYETADDVDITVYLFGSERGIFNCHKLMEAAIQQDPVYVRLGIFRRLANSSEVEWLMLRRINRELRPPDIPPISLKLPGKWTLLYERYKEAAIRTLWEETGITVDASNVYPTGHLYQTVPQYYWRVPVRYFVAEVPSDIRVEGPQVVPLQYMRNWDARLLRQSPDPIDRAWAQLADPATGCAWMKASMIDQLQKPLRGDNYMAIRYTPPPYSNLQEVVGLGDGSITPSTGNGEDAS,GAGAGGGGGUU,-10.08561161
6NY5,SEFELRRQACGRSQLLKSRVDILEVARQFEMRINLDIVDSMIASAIENNKVATEILPPVETLRSRQFEASKLREIRKNIDSGFYTQEEIEVIARSMLDDVAELSSDYLGNTVVQKFFEYCSDPIKEAMLERIAPYLAAIGIHKNGTWAAQKIIDVASTEKQMDLIVKHLRPYTALLYFDQFGNYVAQCCLRFKYPKNTFLFEVMARHCCEIGQSRFGARAIRACLENENATFEQQALVVASIIINSHLLATNSNGMLLLTWLLDNSFFRNRHRLLAIHLATHLHTTCTHKLASTLIFKLINNKQEPESRNLLLKNLFFSEKDNVLTYILQDQAVGPSFIHKVITYPSIGREFLAQFHLVIKRVLINIHAQPNAVYCRLMEEVGMTSKSI,UUAAUAACUUAAU,-9.952311228
6GBM,GSHMDNSDNNTIFVQGLGENVTIESVADYFKQIGIIKTNKKTGQPMINLYTDRETGKLKGEATVSFDDPPSAKAAIDWFDGKEFSGNPIKVSFATRRADFNR,GGCAGAUUACAAUUCUAUUUGCC,-5.556430049
1EC6,MKELVEIAVPENLVGAILGKGGKTLVEYQELTGARIQISKKGEFLPGTRNRRVTITGSPAATQAAQYLISQRVTYEQGVRASNPQKV,GAGGACCUAGAUCACCCCUC,-7.99
1M8Y,GRSRLLEDFRNNRYPNLQLREIAGHIMEFSQDQHGSRFIQLKLERATPAERQLVFNEILQAAYQLMVDVFGNYVIQKFFEFGSLEQKLALAERIRGHVLSLALQMYGCRVIQKALEFIPSDQQNEMVRELDGHVLKCVKDQNGNHVVQKCIECVQPQSLQFIIDAFKGQVFALSTHPYGCRVIQRILEHCLPDQTLPILEELHQHTEQLVQDQYGNYVIQHVLEHGRPEDKSKIVAEIRGNVLVLSQHKFASNVVEKCVTHASRTERAVLIDEVCTMNDGPHSALYTMMKDQYANYVVQKMIDVAEPGQRKIVMHKIRPHIATLRKYTYGKHILAKLEKYYMKNGVDLG,AUUGUACAUA,-9.27
1RPU,MERAIQGNDTREQANGERWDGGSGGITSPFKLPDESPSWTEWRLYNDETNSNQDNPLGFKESWGFGKVVFKRYLRYDRTEASLHRVLGSWTGDSVNYAASRFLGANQVGCTYSIRFRGVSVTISGGSRTLQHLCEMAIRSKQELLQLTPVEVESNVSRGCPEGIETFKKESE,CGUACGCGUCACGCGUACGUU,-13.3
1UTD,MYTNSDFVVIKALEDGVNVIGLTRGADTRFHHSEKLDKGEVLIAQFTEHTSAIKVRGKAYIQTRHGVIESEGKK,GUUUGA,-16.89
2B6G,GSNVFNNTITHPNAGPTSATSTSTSSNGNTPLSSNSSMNPKSLTDPKLLKNIPMWLKSLRLHKYSDALSGTPWIELIYLDDETLEKKGVLALGARRKLLKAFGIVIDYKERDLIDRSAY,GGAGGCUCUGGCAGCUUUC,-10.6
2ERR,MGSSHHHHHHSSGLVPRGSHMNTENKSQPKRLHVSNIPFRFRDPDLRQMFGQFGKILDVEIIFNERGSKGFGFVTFENSADADRAREKLHGTVVEGRKIEVNNATARVM,UGCAUGU,-12.2
2F8K,LSSNSSMNPKSLTDPKLLKNIPMWLKSLRLHKYSDALSGTPWIELIYLDDETLEKKGVLALGARRKLLKAFGIVIDYKERDLIDRSAY,UAAUCUUUGACAGAUU,-10.3
2G4B,LGSARRLYVGNIPFGITEEAMMDFFNAQMRLGGLTQAPGNPVLAVQINQDKNFAFLEFRSVDETTQAMAFDGIIFQGQSLKIRRPHDYQPLPGAHKLFIGGLPNYLNDDQVKELLTSFGPLKAFNLVKDSATGLSKGYAFCEYVDINVTDQAIAGLNGMQLGDKKLLVQRAS,UUUUUUU,-7.83
2KFY,MGSSHHHHHHSSGLVPRGSHMASMTGGQQMGRGSMMLGPEGGEGFVVKLRGLPWSCSVEDVQNFLSDCTIHDGAAGVHFIYTREGRQSGEAFVELGSEDDVKMALKKDRESMGHRYIEVFKSHRTEMDWVLKHSGP,AGGGAU,-8.84
2KG0,MGSSHHHHHHSSGLVPRGSHMASMTGGQQMGRGSNSADSANDGFVRLRGLPFGCTKEEIVQFFSGLEIVPNGITLPVDPEGKITGEAFVQFASQELAEKALGKHKERIGHRYIEVFKSSQEEVRSY,AGGGAU,-7.4
2KG1,MGSSHHHHHHSSGLVPRGSHMASMTGGQQMGRGSGDSEFTVQSTTGHCVHMRGLPYKATENDIYNFFSPLNPVRVHIEIGPDGRVTGEADVEFATHEEAVAAMSKDRANMQHRYIELFLNSTTGASNGAYSSQVMQGMG,AGGGAU,-7.45
2KX5,RVRCRQRKGRRICIRIPP,GGCAGAUCUGAGCCUGGGAGCUCUCUGCC,-11.4
2KXN,MGSSHHHHHHSSGLVPRGSHMASMTGGQQMGRGSRHVGNRANPDPNCCLGVFGLSLYTTERDLREVFSKYGPIADVSIVYDQQSRRSRGFAFVYFENVDDAKEAKERANGMELDGRRIRVDFSITKRPH,AAGAAC,-8.17
2L41,PKSRLFIGNLPLKNVSKEDLFRIFSPYGHIMQINIKNAFGFIQFDNPQSVRDAIECESQEMNFGKKLILEVSSSNAR,UCUU,-4.25
2LA5,GPRRGDGRRRGGGGRGQ,GCUGCGGUGUGGAAGGAGUGGCUGGGUUGCGCAGCG,-11.5
2LEB,MGSSHHHHHHSSGLVPRGSHMASMTGGQQMGRGSMSYGRPPPDVEGMTSLKVDNLTYRTSPDTLRRVFEKYGRVGDVYIPRDRYTKESRGFAFVRFHDKRDAEDAMDAMDGAVLDGRELRVQMARYGRPPDSHHS,UCCAGU,-9.32
2LEC,MGSSHHHHHHSSGLVPRGSHMASMTGGQQMGRGSMSYGRPPPDVEGMTSLKVDNLTYRTSPDTLRRVFEKYGRVGDVYIPRDRYTKESRGFAFVRFHDKRDAEDAMDAMDGAVLDGRELRVQMARYGRPPDSHHS,UGGAGU,-9.44
2M8D,MAPRGRYGPPSRRSENRVVVSGLPPSGSWQDLKDHMREAGDVCYADVYRDGTGVVEFVRKEDMTYAVRKLDNTKFRSHEGETAYIRVKVDG,UGAAGGAC,-8.73
2MJH,LPEPAGDMISITEKIYVPKNEYPDYNFVGRILGPRGMTAKQLEQDTGCKIMVRGKGSMRDKSKESAHRGKANWEHLEDDLHVLVQCEDTENRVHIKLQAALEQVKKLLIPAPEGTDELKRKQLMELAIINGTYRPMKSPNPA,CUACUCAUAU,-9.67
2MXY,ASNVTNKTDPRSMNSRVFIGNLNTLVVKKSDVEAIFSKYGKIVGCSVHKGFAFVQYVNERNARAAVAGEDGRMIAGQVLDINLAAEPKVNRGKAGVKRSAAEMYG,AUUUUUC,-7.9
2MZ1,ASNVTNKTDPRSMNSRVFIGNLNTLVVKKSDVEAIFSKYGKIVGCSVHKGFAFVQYVNERNARAAVAGEDGRMIAGQVLDINLAAEPKVNRGKAGVKRSAAEMYG,UUUUC,-6.87
2N82,GSHMNTENKSQPKRLHVSNIPFRFRDPDLRQMFGQFGKILDVEIIFNERGSKGFGFVTFENSADADRAREKLHGTVVEGRKIEVNNATARVMTNKKTVNPYTNG,GGUAGUUUUGGCAUGACUCUACC,-10.3
2RRA,GSSGSSGNRANPDPNCCLGVFGLSLYTTERDLREVFSKYGPIADVSIVYDQQSRRSRGFAFVYFENVDDAKEAKERANGMELDGRRIRVDFSITKRPHT,GAAGAA,-7.94
2RU3,GSTNAEPVVGSRDTMFTKIFVGGLPYHTSDKTLHEYFEQFGDIEEAVVITDRNTQKSRGYGFVTMKDRASAERACKDPNPIIDGRKANVNLAYLGAKPRTNVQ,GUGUGC,-8.52
2XC7,GAMAEDSQEKVADEISFRLQEPKKDLIARVVRIIGNKKAIELLMETAEVEQNGGLFIMNGSRRRTPGGVFLNLLKNTPSISEEQIKDIFYIENQKEYENKKAAR,AUCG,-7.04
2XFM,RSETVLDFMFNLYQQTEEHKFQEQVSKELIGLIVLTKYNNKTYRVDDIDWDQNPKSTFKKADGSEVSFLEYYRKQYNQEITDLKQPVLVSQPKRRRGPGGTLPGPAMLIPELCYLTGLTDKMRNDFNVMKDLAVHTRLTPEQRQREVGRL,ACCGACUU,-8.24
2XNR,MGSSHHHHHHSSGLVPRGSHMKSRLFIGNLPLKNVSKEDLFRIFSPYGHIMQINIKNAFGFIQFDNPQSVRDAIECESQEMNFGKKLILEVSSSNAR,UUCUUAUUCUUA,-5.4
2ZKO,GSHMDPNTVSSFQVDCFLWHVRKRVADQELGDAPFLDRLRRDQKSLRGRGSTLGLDIETATRAGKQIVERILK,AGACAGCAUUAUGCUGUCUUU,-8.05
3BSB,GRSRLLEDFRNNRYPNLQLREIAGHIMEFSQDQHGSRFIQLKLERATPAERQLVFNEILQAAYQLMVDVFGNYVIQKFFEFGSLEQKLALAERIRGHVLSLALQMYGCRVIQKALEFIPSDQQNEMVRELDGHVLKCVKDQNGNHVVQKCIECVQPQSLQFIIDAFKGQVFALSTHPYGCRVIQRILEHCLPDQTLPILEELHQHTEQLVQDQYGNYVIQHVLEHGRPEDKSKIVAEIRGNVLVLSQHKFASNVVEKCVTHASRTERAVLIDEVCTMNDGPHSALYTMMKDQYANYVVQKMIDVAEPGQRKIVMHKIRPHIATLRKYTYGKHILAKLEKYYMK,UUUAAUGUU,-10.2
3BSX,GRSRLLEDFRNNRYPNLQLREIAGHIMEFSQDQHGSRFIQLKLERATPAERQLVFNEILQAAYQLMVDVFGNYVIQKFFEFGSLEQKLALAERIRGHVLSLALQMYGCRVIQKALEFIPSDQQNEMVRELDGHVLKCVKDQNGNHVVQKCIECVQPQSLQFIIDAFKGQVFALSTHPYGCRVIQRILEHCLPDQTLPILEELHQHTEQLVQDQYGNYVIQHVLEHGRPEDKSKIVAEIRGNVLVLSQHKFASNVVEKCVTHASRTERAVLIDEVCTMNDGPHSALYTMMKDQYANYVVQKMIDVAEPGQRKIVMHKIRPHIATLRKYTYGKHILAKLEKYYMK,UUGUAAUAUUA,-11.5
3BX2,SRFADAVLDQYIGSIHSLCKDQHGCRFLQKQLDILGSKAADAIFEETKDYTVELMTDSFGNYLIQKLLEEVTTEQRIVLTKISSPHFVEISLNPHGTRALQKLIECIKTDEEAQIVVDSLRPYTVQLSKDLNGNHVIQKCLQRLKPENFQFIFDAISDSCIDIATHRHGCCVLQRCLDHGTTEQCDNLCDKLLALVDKLTLDPFGNYVVQYIITKEAEKNKYDYTHKIVHLLKPRAIELSIHKFGSNVIEKILKTAIVSEPMILEILNNGGETGIQSLLNDSYGNYVLQTALDISHKQNDYLYKRLSEIVAPLLVGPIRNTPHGKRIIGMLHLDS,UGUAUAUUA,-9.97
3EQT,ENQRQQFPVEHVQLLCINCMVAVGHGSDLRKVEGTHHVNVNPNFSNYYNVSRDPVVINKVFKDWKPGGVISCRNCGEVWGLQMIYKSVKLPVLKVRSMLLETPQGRIQAKKWSRVPFSVPDFDFLQHCAENLSDLSLDLEHHHHH,GCGCGCGC,-9.52
3GIB,AKGQSLQDPFLNALRRERVPVSIYLVNGIKLQGQIESFDQFVILLKNTVSQMVYKHAISTVVPSRPVS,AAAAAAAAA,-10.69
3K49,TYHRSPLLEQLRNSSSDKNSNSNMSLKDIFGHSLEFCKDQHGSRFIQRELATSPASEKEVIFNEIRDDAIELSNDVFGNYVIQKFFEFGSKIQKNTLVDQFKGNMKQLSLQMYACRVIQKALEYIDSNQRIELVLELSDSVLQMIKDQNGNHVIQKAIETIPIEKLPFILSSLTGHIYHLSTHSYGCRVIQRLLEFGSSEDQESILNELKDFIPYLIQDQYGNYVIQYVLQQDQFTNKEMVDIKQEIIETVANNVVEYSKHKFASNVVEKSILYGSKNQKDLIISKILPRDKNHALNLEDDSPMILMIKDQFANYVIQKLVNVSEGEGKKLIVIAIRAYLDKLNKSNSLGNRHLASVEKLAALVENAEV,CCUGUAAAUA,-12.05
3K4E,TYHRSPLLEQLRNSSSDKNSNSNMSLKDIFGHSLEFCKDQHGSRFIQRELATSPASEKEVIFNEIRDDAIELSNDVFGNYVIQKFFEFGSKIQKNTLVDQFKGNMKQLSLQMYACRVIQKALEYIDSNQRIELVLELSDSVLQMIKDQNGNHVIQKAIETIPIEKLPFILSSLTGHIYHLSTHSYGCRVIQRLLEFGSSEDQESILNELKDFIPYLIQDQYGNYVIQYVLQQDQFTNKEMVDIKQEIIETVANNVVEYSKHKFASNVVEKSILYGSKNQKDLIISKILPRDKNHALNLEDDSPMILMIKDQFANYVIQKLVNVSEGEGKKLIVIAIRAYLDKLNKSNSLGNRHLASVEKLAALVENAEV,CUUGUAUAUA,-10.8
3K5Q,SNNVLPTWSLDSNGEMRSRLSLSEVLDSGDLMKFAVDKTGCQFLEKAVKGSLTSYQKFQLFEQVIGRKDDFLKLSTNIFGNYLVQSVIGISLATNDDGYTKRQEKLKNFISSQMTDMCLDKFACRVIQSSLQNMDLSLACKLVQALPRDARLIAICVDQNANHVIQKVVAVIPLKNWEFIVDFVATPEHLRQICSDKYGCRVVQTIIEKLTADSMNVDLTSAAQNLRERALQRLMTSVTNRCQELATNEYANYIIQHIVSNDDLAVYRECIIEKCLMRNLLSLSQEKFASHVVEKAFLHAPLELLAEMMDEIFDGYIPHPDTGKDALDIMMFHQFGNYVVQCMLTICCDAVSGRRQTKEGGYDHAISFQDWLKKLHSRVTKERHRLSRFSSGKKMIETLANLRSTHPIYELQ,UGUACUAUA,-9.3
3K5Y,SNNVLPTWSLDSNGEMRSRLSLSEVLDSGDLMKFAVDKTGCQFLEKAVKGSLTSYQKFQLFEQVIGRKDDFLKLSTNIFGNYLVQSVIGISLATNDDGYTKRQEKLKNFISSQMTDMCLDKFACRVIQSSLQNMDLSLACKLVQALPRDARLIAICVDQNANHVIQKVVAVIPLKNWEFIVDFVATPEHLRQICSDKYGCRVVQTIIEKLTADSMNVDLTSAAQNLRERALQRLMTSVTNRCQELATNEYANYIIQHIVSNDDLAVYRECIIEKCLMRNLLSLSQEKFASHVVEKAFLHAPLELLAEMMDEIFDGYIPHPDTGKDALDIMMFHQFGNYVVQCMLTICCDAVSGRRQTKEGGYDHAISFQDWLKKLHSRVTKERHRLSRFSSGKKMIETLANLRSTHPIYELQ,UGUGCCAUA,-10.54
3K5Z,SNNVLPTWSLDSNGEMRSRLSLSEVLDSGDLMKFAVDKTGCQFLEKAVKGSLTSYQKFQLFEQVIGRKDDFLKLSTNIFGNYLVQSVIGISLATNDDGYTKRQEKLKNFISSQMTDMCLDKFACRVIQSSLQNMDLSLACKLVQALPRDARLIAICVDQNANHVIQKVVAVIPLKNWEFIVDFVATPEHLRQICSDKYGCRVVQTIIEKLTADSMNVDLTSAAQNLRERALQRLMTSVTNRCQELATNEYANYIIQHIVSNDDLAVYRECIIEKCLMRNLLSLSQEKFASHVVEKAFLHAPLELLAEMMDEIFDGYIPHPDTGKDALDIMMFHQFGNYVVQCMLTICCDAVSGRRQTKEGGYDHAISFQDWLKKLHSRVTKERHRLSRFSSGKKMIETLANLRSTHPIYELQ,UGUACCAUA,-9.38
3K61,SNNVLPTWSLDSNGEMRSRLSLSEVLDSGDLMKFAVDKTGCQFLEKAVKGSLTSYQKFQLFEQVIGRKDDFLKLSTNIFGNYLVQSVIGISLATNDDGYTKRQEKLKNFISSQMTDMCLDKFACRVIQSSLQNMDLSLACKLVQALPRDARLIAICVDQNANHVIQKVVAVIPLKNWEFIVDFVATPEHLRQICSDKYGCRVVQTIIEKLTADSMNVDLTSAAQNLRERALQRLMTSVTNRCQELATNEYANYIIQHIVSNDDLAVYRECIIEKCLMRNLLSLSQEKFASHVVEKAFLHAPLELLAEMMDEIFDGYIPHPDTGKDALDIMMFHQFGNYVVQCMLTICCDAVSGRRQTKEGGYDHAISFQDWLKKLHSRVTKERHRLSRFSSGKKMIETLANLRSTHPIYELQ,UGUAAAAUC,-8.89
3K62,SNNVLPTWSLDSNGEMRSRLSLSEVLDSGDLMKFAVDKTGCQFLEKAVKGSLTSYQKFQLFEQVIGRKDDFLKLSTNIFGNYLVQSVIGISLATNDDGYTKRQEKLKNFISSQMTDMCLDKFACRVIQSSLQNMDLSLACKLVQALPRDARLIAICVDQNANHVIQKVVAVIPLKNWEFIVDFVATPEHLRQICSDKYGCRVVQTIIEKLTADSMNVDLTSAAQNLRERALQRLMTSVTNRCQELATNEYANYIIQHIVSNDDLAVYRECIIEKCLMRNLLSLSQEKFASHVVEKAFLHAPLELLAEMMDEIFDGYIPHPDTGKDALDIMMFHQFGNYVVQCMLTICCDAVSGRRQTKEGGYDHAISFQDWLKKLHSRVTKERHRLSRFSSGKKMIETLANLRSTHPIYELQ,UGUGUUAUC,-8.74
3K64,SNNVLPTWSLDSNGEMRSRLSLSEVLDSGDLMKFAVDKTGCQFLEKAVKGSLTSYQKFQLFEQVIGRKDDFLKLSTNIFGNYLVQSVIGISLATNDDGYTKRQEKLKNFISSQMTDMCLDKFACRVIQSSLQNMDLSLACKLVQALPRDARLIAICVDQNANHVIQKVVAVIPLKNWEFIVDFVATPEHLRQICSDKYGCRVVQTIIEKLTADSMNVDLTSAAQNLRERALQRLMTSVTNRCQELATNEYANYIIQHIVSNDDLAVYRECIIEKCLMRNLLSLSQEKFASHVVEKAFLHAPLELLAEMMDEIFDGYIPHPDTGKDALDIMMFHQFGNYVVQCMLTICCDAVSGRRQTKEGGYDHAISFQDWLKKLHSRVTKERHRLSRFSSGKKMIETLANLRSTHPIYELQ,UGUGUCAUU,-9.22
3L25,GHMGKPDISAKDLRNIMYDHLPGFGTAFHQLVQVICKLGKDSNSLDIIHAEFQASLAEGDSPQCALIQITKRVPIFQDAAPPVIHIRSRGDIPRACQKSLRPVPPSPKIDRGWVCVFQLQDGKTLGLKI,CGCAUGCG,-8.175
3LQX,GFDLNDFLEQLRQMKNMGGMASLMGKLPGMGQIPDNVKSQMDDKVLVRMEAIINSMTMKERAKPEIIKGSRKRRIAAGSGMQVQDVNRLLKQFDDMQRMMKKMKK,GGCUCUGUUUACCAGGUCAGGUCCGAAAGGAAGCAGCCAAGGCAGAGCC,-12.22
3MDG,MSVVPPNRSQTGWPRGVTQFGNKYIQQTKPLTLERTINLYPLTNYTFGTKEPLYEKDSSVAARFQRMREEFDKIGMRRTVEGVLIVHEHRLPHVLLLQLGTTFFKLPGGELNPGEDEVEGLKRLMTEILGRQDGVLQDWVIDDCIGNWWRPNFEPPQYPYIPAHITKPKEHKKLFLVQLQEKALFAVPKNYKLVAAPLFELYDNAPGYGPIISSLPQLLSRFNFIYN,UUGUAU,-7.85
3MOJ,MKLYFNGGKKKKIRAVDFVGTIAKIDGVSADDIGIITIMDNASYVEILNGKGPHVLKVMKNTTVKGKQLKVNKANK,GGCUCAUCACAUCCUGGGGCUGGAAACGGUCCCAAGGGUAUGGCUGUUCGCCAUUUAAAGUGGUACGCGAGCUA,-13
3NCU,DSQEKPKPVPDKENKKLLCRKCKALACYTADVRVIEECHYTVLGDAFKECFVSRPHPKPKQFSSFEKRAKIFCARQNCSHDWGIHVKYKTFEIPVIKIESFVVEDIATGVQTLYSKWKDFHFEKIPFDPAEMSK,GACGCUAGCGUC,-10.3
3NMR,SDAIKMFVGQVPRTWSEKDLRELFEQYGAVYEINVLRDRSQNPPQSKGCCFVTFYTRKAALEAQNALHNMKVLPGMHHPIQMKPADSEKNNAVEDRKLFIGMISKKCTENDIRVMFSSFGQIEECRILRGPDGLSRGCAFVTFTTRAMAQTAIKAMHQAQTMEGCSSPMVVKFAD,GUUGUUUUGUUU,-8.44
3NNH,SDAIKMFVGQVPRTWSEKDLRELFEQYGAVYEINVLRDRSQNPPQSKGCCFVTFYTRKAALEAQNALHNMKVLPGMHHPIQMKPADSE,GUUGUUUUGUUU,-6.19
3O3I,SETVLDFMFNFYHQTEEHKFQEQVSKELIGLVVLTKYNNKTYRVDDIDWDQNPKSTFKKADGSEVSFLEYYRKQYNQEITDLKQPVLVSQPKRRRGPGGTLPGPAMLIPELCYLTGLTDKMRND,GCGAAUAUUCGCUU,-6.52
3O6E,SETVLDFMFNFYHQTEEHKFQEQVSKELIGLVVLTKYNNKTYRVDDIDWDQNPKSTFKKADGSEVSFLEYYRKQYNQEITDLKQPVLVSQPKRRRGPGGTLPGPAMLIPELCYLTGLTDKMRND,GCGAAUAUUCGCUU,-7.07
3Q0L,GRSRLLEDFRNNRYPNLQLREIAGHIMEFSQDQHGSRFIQLKLERATPAERQLVFNEILQAAYQLMVDVFGNYVIQKFFEFGSLEQKLALAERIRGHVLSLALQMYGCRVIQKALEFIPSDQQNEMVRELDGHVLKCVKDQNGNHVVQKCIECVQPQSLQFIIDAFKGQVFALSTHPYGCRVIQRILEHCLPDQTLPILEELHQHTEQLVQDQYGNYVIQHVLEHGRPEDKSKIVAEIRGNVLVLSQHKFASNVVEKCVTHASRTERAVLIDEVCTMNDGPHSALYTMMKDQYANYVVQKMIDVAEPGQRKIVMHKIRPHIATLRKYTYGKHILAKLEKYYMKNGVDLG,UGUAAAUA,-12.3
3Q0M,GRSRLLEDFRNNRYPNLQLREIAGHIMEFSQDQHGSRFIQLKLERATPAERQLVFNEILQAAYQLMVDVFGNYVIQKFFEFGSLEQKLALAERIRGHVLSLALQMYGCRVIQKALEFIPSDQQNEMVRELDGHVLKCVKDQNGNHVVQKCIECVQPQSLQFIIDAFKGQVFALSTHPYGCRVIQRILEHCLPDQTLPILEELHQHTEQLVQDQYGNYVIQHVLEHGRPEDKSKIVAEIRGNVLVLSQHKFASNVVEKCVTHASRTERAVLIDEVCTMNDGPHSALYTMMKDQYANYVVQKMIDVAEPGQRKIVMHKIRPHIATLRKYTYGKHILAKLEKYYMKNGVDLG,UGUAGAUA,-12.5
3Q0N,GRSRLLEDFRNNRYPNLQLREIAGHIMEFSQDQHGSRFIQLKLERATPAERQLVFNEILQAAYQLMVDVFGNYVIQKFFEFGSLEQKLALAERIRGHVLSLALQMYGCRVIQKALEFIPSDQQNEMVRELDGHVLKCVKDQNGNHVVQKCIECVQPQSLQFIIDAFKGQVFALSTHPYGCRVIQRILEHCLPDQTLPILEELHQHTEQLVQDQYGNYVIQHVLEHGRPEDKSKIVAEIRGNVLVLSQHKFASNVVEKCVTHASRTERAVLIDEVCTMNDGPHSALYTMMKDQYANYVVQKMIDVAEPGQRKIVMHKIRPHIATLRKYTYGKHILAKLEKYYMKNGVDLG,UGUACAUC,-10.5
3Q0P,GRSRLLEDFRNNRYPNLQLREIAGHIMEFSQDQHGSRFIQLKLERATPAERQLVFNEILQAAYQLMVDVFGNYVIQKFFEFGSLEQKLALAERIRGHVLSLALQMYGCRVIQKALEFIPSDQQNEMVRELDGHVLKCVKDQNGNHVVQKCIECVQPQSLQFIIDAFKGQVFALSTHPYGCRVIQRILEHCLPDQTLPILEELHQHTEQLVQDQYGNYVIQHVLEHGRPEDKSKIVAEIRGNVLVLSQHKFASNVVEKCVTHASRTERAVLIDEVCTMNDGPHSALYTMMKDQYANYVVQKMIDVAEPGQRKIVMHKIRPHIATLRKYTYGKHILAKLEKYYMKNGVDLG,UGUAUAUA,-12.8
3Q0Q,GRSRLLEDFRNNRFPNLQLRDLIGHIVEFSQDQHGSRFIQQKLERATPAERQMVFNEILQAAYQLMTDVFGNYVIQKFFEFGSLDQKLALATRIRGHVLPLALQMYGCRVIQKALESISSDQQVISEMVKELDGHVLKCVKDQNGNHVVQKCIECVQPQSLQFIIDAFKGQVFVLSTHPYGCRVIQRILEHCTAEQTLPILEELHQHTEQLVQDQYGNYVIQHVLEHGRPEDKSKIVSEIRGKVLALSQHKFASNVVEKCVTHASRAERALLIDEVCCQNDGPHSALYTMMKDQYANYVVQKMIDMAEPAQRKIIMHKIRPHITTLRKYTYGKHILAKLEKYYLKNSPDLG,UGUAAAUA,-13.3
3Q0R,GRSRLLEDFRNNRFPNLQLRDLIGHIVEFSQDQHGSRFIQQKLERATPAERQMVFNEILQAAYQLMTDVFGNYVIQKFFEFGSLDQKLALATRIRGHVLPLALQMYGCRVIQKALESISSDQQVISEMVKELDGHVLKCVKDQNGNHVVQKCIECVQPQSLQFIIDAFKGQVFVLSTHPYGCRVIQRILEHCTAEQTLPILEELHQHTEQLVQDQYGNYVIQHVLEHGRPEDKSKIVSEIRGKVLALSQHKFASNVVEKCVTHASRAERALLIDEVCCQNDGPHSALYTMMKDQYANYVVQKMIDMAEPAQRKIIMHKIRPHITTLRKYTYGKHILAKLEKYYLKNSPDLG,UGUAGAUA,-13.8
3Q0S,GRSRLLEDFRNNRFPNLQLRDLIGHIVEFSQDQHGSRFIQQKLERATPAERQMVFNEILQAAYQLMTDVFGNYVIQKFFEFGSLDQKLALATRIRGHVLPLALQMYGCRVIQKALESISSDQQVISEMVKELDGHVLKCVKDQNGNHVVQKCIECVQPQSLQFIIDAFKGQVFVLSTHPYGCRVIQRILEHCTAEQTLPILEELHQHTEQLVQDQYGNYVIQHVLEHGRPEDKSKIVSEIRGKVLALSQHKFASNVVEKCVTHASRAERALLIDEVCCQNDGPHSALYTMMKDQYANYVVQKMIDMAEPAQRKIIMHKIRPHITTLRKYTYGKHILAKLEKYYLKNSPDLG,UGUACAUC,-10.8
3QG9,GSNNVLPTWSLDSNGEMRSRLSLSEVLDSGDLMKFAVDKTGCQFLEKAVKGSLTSYQKFQLFEQVIGRKDDFLKLSTNIFGNYLVQSVIGISLATNDDGYTKRQEKLKNFISSQMTDMCLDKFACRVIQSSLQNMDLSLACKLVQALPRDARLIAICVDQNANHVIQKVVAVIPLKNWEFIVDFVATPEHLRQICSDKYGCRVVQTIIEKLTADSMNVDLTSAAQNLRERALQRLMTSVTNRCQELATNEYANYIIQHIVSNDDLAVYRECIIEKCLMRNLLSLSQEKFASHVVEKAFLHAPLELLAEMMDEIFDGYIPHPDTGKDALDIMMFHQFGNYVVQCMLTICCDAVSGRRQTKEGGYDHAISFQDWLKKLHSRVTKERHRLSRFSSGKKMIETLANLRSTHPIYELQ,UGUGCCUUA,-10.6
3U4M,MPKHGKRYRALLEKVDPNKIYTIDEAAHLVKELATAKFDETVEVHAKLGIDPRRSDQNVRGTVSLPHGLGKQVRVLAIAKGEKIKEAEEAGADYVGGEEIIQKILDGWMDFDAVVATPDVMGAVGSKLGRILGPRGLLPNPKAGTVGFNIGEIIREIKAGRIEFRNDKTGAIHAPVGKASFPPEKLADNIRAFIRALEAHKPEGAKGTFLRSVYVTTTMGPSVRINPHS,GGGAUGCGUAGGAUAGGUGGGAGCCUGUGAACCCCCGCCUCCGGGUGGGGGGGAGGCGCCGGUGAAAUACCACCCUUCCC,-15.9
3V71,GSFTPVAPIFISLEDVLLNGQLIDFAIDPSGVKFLEANYPLDSEDQIRKAVFEKFTESTTLFVGLCHSRNGNFIVQKLVELATPAEQRELLRQMIDGGLLAMCKDKFACRVVQLALQKFDHSNVFQLIQELSTFDLAAMCTDQISIHVIQRVVKQLPVDMWTFFVHFLSSGDSLMAVCQDKYGCRLVQQVIDRLAENPKLPCFKFRIQLLHSLMTCIVRNCYRLSSNEFANYVIQYVIKSSGIMEMYRDTIIDKCLLRNLLSMSQDKYASHVIEGAFLFAPPALLHEMMEEIFSGYVKDVESNRDALDILLFHQYGNYVVQQMISICTAALIGKEERELPPAILLLYSGWYEKMKQRVLQHASRLERFSSGKKIIDSVMRHG,CUCUGUAUCUUGU,-11.1
3V74,GSNNVLPTWSLDSNGEMRSRLSLSEVLDSGDLMKFAVDKTGCQFLEKAVKGSLTSYQKFQLFEQVIGRKDDFLKLSTNIFGNYLVQSVIGISLATNDDGYTKRQEKLKNFISSQMTDMCLDKFACRVIQSSLQNMDLSLACKLVQALPRDARLIAICVDQNANHVIQKVVAVIPLKNWEFIVDFVATPEHLRQICSDKYGCRVVQTIIEKLTADSMNVDLTSAAQNLRERALQRLMTSVTNRCQELATNEYANYIIQHIVSNDDLAVYRECIIEKCLMRNLLSLSQEKFASHVVEKAFLHAPLELLAEMMDEIFDGYIPHPDTGKDALDIMMFHQFGNYVVQCMLTICCDAVSGRRQTKEGGYDHAISFQDWLKKLHSRVTKERHRLSRFSSGKKMIETLANLRSTHPIYELQ,UCAUGUGCCAUAC,-11.6
3WBM,MSSGTPTPSNVVLIGKKPVMNYVLAALTLLNQGVSEIVIKARGRAISKAVDTVEIVRNRFLPDKIEIKEIRVGSQVVTSQDGRQSRVSTIEIAIRKK,GGUAAGAGCACCCGACUGCUCUUCC,-9.98
4CIO,GAMGSRDTMFTKIFVGGLPYHTSDKTLHEYFEQFGDIEEAVVITDRNTQKSRGYGFVTMKDRASAERACKDPNPIIDGRKANVNLAYLGAKPRTNVQ,GGUGUGC,-9.76
4ED5,GRTNLIVNYLPQNMTQDELRSLFSSIGEVESAKLIRDKVAGHSLGYGFVNYVTAKDAERAINTLNGLRLQSKTIKVSYARPSSEVIKDANLYISGLPRTMTQKDVEDMFSRFGRIINSRVLVDQTTGLSRGVAFIRFDKRSEAEEAITSFNGHKPPGSSEPITVKFAANLEHHHHHH,AUUUUUAUUUU,-9.08
4ERD,MHHHHHHSIKQNCLIKIINIPQGTLKAEVVLAVRHLGYEFYCDYIDGQAMIRFQNSDEQRLAIQKLLNHNNNKLQIEIRGQICDVISTIPEDEEKNYWNYIKFKKNEFRKFFFMKKQQKKQNITQNYNK,GGUCGACAUCUUCGGAUGGACC,-9.54
4HT8,MAKGQSLQDPFLNALRRERVPVSIYLVNGIKLQGQIESFDQFVILLKNTVSQMVYKHAISTVVPS,AAAAAAA,-9.38
4JVH,STKEKPKPTPDYLMQLMNDKKLMSSLPNFCGIFNHLERLLDEEISRVRKDMYNDTLNGSTEKRSAELPDAVGPIVQLQEKLYVPVKEYPDFNFVGRILGPRGLTAKQLEAETGCKIMVRGKGSMRDKKKEEQNRGKPNWEHLNEDLHVLITVEDAQNRAEIKLKRAVEEVKKLLVPAAEGEDSLKKMQLMELAILNGTYRDANIKSPAL,UUCACUAACAA,-9.59
4KJI,HHHHHHGSMGFLILSRREGEGITLSLKADYPAEELIRQLREGGIRILVTDIIGNQARVGIEAPRGVLIVRDELKTAPKG,CCCCGAAGGAUCGGGG,-8.94
4LG2,MAHHHHHHVDDDDKENLYFQSKPYISAKDLKEIMYDHLPGFGTAFHQLVQVICKIGKDNNLLDTIHAEFQASLADGDSPQCALIQITKRVPIFQDVPPPIIHIRSRGDIPRACQKSLRPAPPSPKIDRGWVCLFKMQDGKTLGLKI,CUAGACGUCUAG,-9.54
4NL3,MKQGGQGLQDYYLNQLRKEKILATVFLTNGFQLRGRVVSFDNFTVLLDVEGKQQLVFKHAISTFSPQKNVALNPDAE,UUUUUU,-7.38
4O26,GSGFLYGGRGMHGFCLNRKRRTAAGPRRLQGQDLVRLVFFEGLPYLNGQERKPKKLPLRYFNMVPVFGRLLQRHRKCRYSSVLHRMCPVVELSRAAQGELSSLIPQHCAPHRVYLFVRECLTAVVPEELWGSDHNRLQFFSRVRGFLKSGKFERISVAELMWKIKVMDCDWLKLRRTAGRFPPSELAYRTRILSQFLTWLLDGFVVGLVRACFYATESVGQKNAIRFYRQEVWSKLQDLAFRRHIAKGEMEELSPAQ,GGAACGCCGCGGUCAGCUCGGCUGCUGCGAAGAGUUCGUCUCUGUUGUUCC,-8.2
4OE1,HSFLSPDAQVLVLAISSHPLPTLAAFLASRRDELLRADITSLLKALELSGHWEWALALLRWAGKEGAADASALEMVVRALGREGQHDAVCALLDETPLPPGSRLDVRAYTTVLHALSRAGRYERALELFAELRRQGVAPTLVTYNVVLDVYGRMGRSWPRIVALLDEMRAAGVEPDGFTASTVIAACSRDGLVDEAVAFFEDLKARGHAPCVVTYNALLQVFGKAGNYTEALRVLGEMEQNGCQPDAVTYNELAGTYARAGFFEEAARCLDTMASKGLLPNAFTYNTVMTAYGNVGKVDEALALFDQMKKTGFVPNVNTYNLVLGMLGKKSRFTVMLEMLGEMSRSGCTPNRVTWNTMLAVSGKRGMEDYVTRVLEGMRSSGVELSRDTYNTLIAAYGRCGSRTNAFKMYNEMTSAGFTPCITTYNALLNVLSRQGDWSTAQSIVSKMRTKGFKPNEQSYSLLLQCYAKGGNVAGIAAIENEVYGSGAVFPSWVILRTLVIANFKCRRLDGMETAFQEVKARGYNPDLVIFNSMLSIYAKNGMYSKATEVFDSIKRSGLSPDLITYNSLMDMYAKCSESWEAEKILNQLKCSQTMKPDVVSYNTVINGFCKQGLVKEAQRVLSEMVADGMAPCAVTYHTLVGGYSSLEMFSEAREVIGYMVQHGLKPMELTYRRVVESYCRAKRFEEARGFLSEVSETDLDFDKKALEAYIEDAQFGR,GUAUUCUUUAAUUAUUUC,-12.11
4QI2,EEEGRIRAMRAARSLGERTVTELILQHQNPQQLSSNLWAAVRARGCQFLGPAMQEEALKLVLLALEDGSALSRKVLVLFVVQRLEPRFPQASKTSIGHVVQLLYRASCFKVTKRDEDSSLMQLKEEFRTYEALRREHDSQIVQIAMEAGLRIAPDQWSSLLYGDQSHKSHMQSIIDKLQT,ACAUGUUUUCUGUGAAAACGGAG,-9.44
4QVC,MAKGQSLQDPFLNALRRERVPVSIYLVNGIKLQGQIESFDQFVILLKNTVSQMVYKHAISTVVPS,AUAACUA,-11.56
4QVD,MAKGQSLQDPFLNALRRERVPVSIYLVNGIKLQGQIESFDQFVILLKNTVSQMVYKHAISTVVPS,AACUAAA,-10.12
4R3I,GTSKLKYVLQDARFFLIKSNNHENVSLAKAKGVWSTLPVNEKKLNLAFRSARSVILIFSVRESGKFQGFARLSSESHHGGSPIHWVLPAGMSAKMLGGVFKIDWICRRELPFTKSAHLTNPWNEHKPVKIGRDGQEIELECGTQLCLLFPPDESIDLYQVIHKMRH,GGACU,-7.77
4RCJ,GHPVLEKLKAAHSYNPKEFEWNLKSGRVFIIKSYSEDDIHRSIKYSIWCSTEHGNKRLDSAFRCMSSKGPVYLLFSVNGSGHFCGVAEMKSPVDYGTSAGVWSQDKWKGKFDVQWIFVKDVPNNQLRHIRLENNDNKPVTNSRDTQEVPLEKAKQVLKIISSYKHTTSIFDDFAHYEKRQEEEEVVRKERQ,GGACU,-8.18
4TUX,SSSYTEADPAILSRRQKQIDYGKNTAAYERYVEMVPKDERTRDHPRTPNKYGKYSRRAFDGLVKIWRKSLHIYDPPTQARDTAKDSNSDSDSD,GGCCAAAGGCCCUUUUCAGGGCCACC,-10.4
4U8T,MGSSHHHHHHSSGAIIPPWIHVPDHSRFFVIKSSSLEHVKKSFYNGIWSSTFYGNKRLSEAYESLPQGAKIYLLFSVNASGRFCGVAEMSSNLREDLDTSIWGDNSRYRHAFKVRWIVVRDVHNRSLKQFLIPANDMKPVTNSRDTQEIPATISKSILKLFKYEQSEVQSFLDDDYS,AGGACAU,-9.13
4Z31,GSNLGENKHYEVAKKCVEDLALYLKPLSGGKGVASLNQSALSRPMQRKLVTLVNCQLVEEEGRVRAMRAARSLGERTVTELILQHQNPQQLSANLWAAVRARGCQFLGPAMQEEALKLVLLALEDGSALSRKVLVLFVVQRLEPRFPQASKTSIGHVVQLLYRASCFKVTKRDEDSSLMQLKEEFRSYEALRREHDAQIVHIAMEAGLRISPEQWSSLLYGDLAHKSHMQSIIDKLQSPESFAKSVQELTIVLQRTGDPANLNRLRPHLELLANIDPNPDAVSPTWEQLENAMVAVKTVVHGLVDFIQNYSRKGHETPQ,AUGUUCUGUGAACAC,-8.79
5DNO,MGSSHHHHHAMSEHRNEKGERISMINPRVVLDENGISHRSRYFIMLCDNETAIAHAKKTSIWAVKKDSSKRISDAYKKASVYFIFVAQQTYNALGYAQVVSDLNSTELPFWSDSSHAGGVRIKWIKTCNLFSAEISEIVSHMDHGSEARDGMEMMYDEGSRLCTLINYAIMKRIGRDR,CUUAAAC,-7.83
5ELR,GAINKNMKLGQKVLIPVKQFPKFNFVGKLLGPRGNSLKRLQEETLTKMSILGKGSMRDKAKEEELRKSGEAKYFHLNDDLHVLIEVFAPPAEAYARMGHALEEIKKFLIPDYNDEIRQAQLQELTYLNGGSENADV,AAUAAU,-6.25
5V7C,GHSGGGGGGHMQHPSHELLKENGFTQHVYHKYRRRCLNERKRLGIGQSQEMNTLFRFWSFFLRDHFNKKMYEEFKQLALEDAKEGYRYGLECLFRYYSYGLEKKFRLDIFKDFQEETVKDYEAGQLYGLEKFWAFLKYSKAKNLDIDPKLQEYLGKFRRLED,CUUUUCCG,-6.99
5W1I,SNAMKISKVREENRGAKLTVNAKTAVVSENRSQEGILYNDPSRYGKSRKNDEDRDRYIESRLKSSGKLYRIFNEDKNKRETDELQWFLSEIVKKINRRNGLVLSDMLSVDDRAFEKAFEKYAELSYTNRRNKVSGSPAFETCGVDAATAERLKGIISETNFINRIKNNIDNKVSEDIIDRIIAKYLKKSLCRERVKRGLKKLLMNAFDLPYSDPDIDVQRDFIDYVLEDFYHVRAKSQVSRSIKNMNMPVQPEGDGKFAITVSKGGTESGNKRSAEKEAFKKFLSDYASLDERVRDDMLRRMRRLVVLYFYGSDDSKLSDVNEKFDVWEDHAARRVDNREFIKLPLENKLANGKTDKDAERIRKNTVKELYRNQNIGCYRQAVKAVEEDNNGRYFDDKMLNMFFIHRIEYGVEKIYANLKQVTEFKARTGYLSEKIWKDLINYISIKYIAMGKAVYNYAMDELNASDKKEIELGKISEEYLSGISSFDYELIKAEEMLQRETAVYVAFAARHLSSQTVELDSENSDFLLLKPKGTMDKNDKNKLASNNILNFLKDKETLRDTILQYFGGHSLWTDFPFDKYLAGGKDDVDFLTDLKDVIYSMRNDSFHYATENHNNGKWNKELISAMFEHETERMTVVMKDKFYSNNLPMFYKNDDLKKLLIDLYKDNVERASQVPSFNKVFVRKNFPALVRDKDNLGIELDLKADADKGENELKFYNALYYMFKEIYYNAFLNDKNVRERFITKATKVADNYDRNKERNLKDRIKSAGSDEKKKLREQLQNYIAENDFGQRIKNIVQVNPDYTLAQICQLIMTEYNQQNNGCMQKKSAARKDINKDSYQHYKMLLLVNLRKAFLEFIKENYAFVLKPYKHDLCDKADFVPDFAKYVKPYAGLISRVAGSSELQKWYIVSRFLSPAQANHMLGFLHSYKQYVWDIYRRASETGTEINHSIAEDKIAGVDITDVDAVIDLSVKLCGTISSEISDYFKDDEVYAEYISSYLDFEYDGGNYKDSLNRFCNSDAVNDQKVALYYDGEHPKLNRNIILSKLYGERRFLEKITDRVSRSDIVEYYKLKKETSQYQTKGIFDSEDEQKNIKKFQEMKNIVEFRDLMDYSEIADELQGQLINWIYLRERDLMNFQLGYHYACLNNDSNKQATYVTLDYQGKKNRKINGAILYQICAMYINGLPLYYVDKDSSEWTVSDGKESTGAKIGEFYRYAKSFENTSDCYASGLEIFENISEHDNITELRNYIEHFRYYSSFDRSFLGIYSEVFDRFFTYDLKYRKNVPTILYNILLQHFVNVRFEFVSGKKMIGIDKKDRKIAKEKECARITIREKNGVYSEQFTYKLKNGTVYVDARDKRYLQSIIRLLFYPEKVNMDEMIEVKEKKKPSDNNTGKGYSKRDRQQDRKEYDKYKEKKKKEGNFLSGMGGNINWDEINAQLKN,AAGAUAGCCCAAGAAAGAGGGCAAUAACCAGAUAUAGCCUGGUGGUUCAGGC,-12.79
5WZH,MGSSHHHHHHMRKEIDPETSKYFSEIANLFDSNEVELEERSVICGNALEETRGREYEIATDYIISHVLQTLLEGCELDQLCSFIRNSASVFPAIAMDRSGSHVAESALKSLATHLENPDAYSVIEEALHSICKVIVDNPLDMMCNCYGSHVLRRLLCLCKGVSLDSPELYGAKSSKALAKRLNLKMSQLDDNNLEIPHQGFPGMLTYLLSGLLSCSREDMKYLQVDQYSSLVLQTALRLMLKQDEQLLEIIPLILRCNSTNKKVEGFHIETNVAKEILESMKDNSFSHLVEVILEVAPESLYNEMFNKVFKNSLFELSVDRCANFVIQALISHARDQEQMGIMWEELAPRFKDLLEQGKSGVVASLIAVSQRLQSHENKCCEALVGAVCSTNESRISILPRLLFLDYYFGCRDKSTWEWAPGAKMHVMGCLILQGIFKFSSDHIQPYITSLTSMKAEYITETAKDSSGARVIEAFLASDAATKQKRRLIIKLRGHFGELSLHTSGSFTVEKCFDACNLTLREAIASELLDVKVDLSKTKQGPYLLRKLDIDGYASRPDQWKSRQEAKQSTYNEFCSAFGSNK,GGAAUUGACGG,-10.46
6D12,SNATGPQFVSGVIVKIISTEPLPGRKQVRDTMAAISEVLYVDLLEGDTECHARFKTPLDALAVINAYTEINKKHCWKMEILSGDHEQRYWQKILVDRQAKLNQPREKKRGTEK,GGGCUGCAUGUGGCAGCUCGGGCUGCAUGUGGCAGCUC,-9.3
